"","site","file_id","q_edit_method","date_return_shipped_to_id","site_id","sample","start_date","end_date","benzene","benzene_flag","toluene","toluene_flag","etbenz","etbenz_flag","xylenes","xylenes_flag","btex","btex_flag","mpxylene","mpxylene_flag","oxylene","oxylene_flag","trichlorofluoromethane","trichlorofluoromethane_flag","hexane","hexane_flag","hexane2methyl","hexane2methyl_flag","heptane","heptane_flag","heptane3methyl","heptane3methyl_flag","octane","octane_flag","tce","tce_flag","nonane","nonane_flag","propylbenzene","propylbenzene_flag","benz1ethyl3methyl","benz1ethyl3methyl_flag","benz1ethyl4methyl","benz1ethyl4methyl_flag","decane","decane_flag","mesitylene","mesitylene_flag","benz1ethyl2methyl","benz1ethyl2methyl_flag","benz12chloro","benz12chloro_flag","undecane","undecane_flag","dodecane","dodecane_flag","butane_2_methyl","butane_2_methyl_flag","x2_pentene_z_cis","x2_pentene_z_cis_flag","x1_3_butadiene_2_methyl","x1_3_butadiene_2_methyl_flag","pentane_2_methyl","pentane_2_methyl_flag","pentane_3_methyl","pentane_3_methyl_flag","x1_hexene","x1_hexene_flag","pentane_2_4_dimethyl","pentane_2_4_dimethyl_flag","trichloromethane","trichloromethane_flag","hexane_3_methyl","hexane_3_methyl_flag","carbon_tetrachloride","carbon_tetrachloride_flag","cyclohexane_methyl","cyclohexane_methyl_flag","pentane_2_3_4_trimethyl","pentane_2_3_4_trimethyl_flag","methyl_isobutyl_ketone","methyl_isobutyl_ketone_flag","x2_hexanone","x2_hexanone_flag","benzene_1_2_3_trimethyl","benzene_1_2_3_trimethyl_flag","benzene_1_4_diethyl","benzene_1_4_diethyl_flag","site_type","lat","long","site_color","season","week","sample_length","tot_weeks"
"1","28th & Point Breeze","P733882 012624","MMT012324",2024-01-24,5,"Sample",2024-01-17 17:29:00,2024-01-24 10:09:00,0.632,"REG",0.775,"REG",0.14,"REG",1.004,"REG",2.551,"REG",0.834,"REG",0.17,"REG",0.301,"REG",0.457,"REG",0.508,"REG",0.281,"REG",0.177,"REG",0.078,"REG",0.022,"REG",0.09,"REG",0.044,"LOD",0.079,"REG",0.031,"REG",0.086,"REG",0.086,"REG",0.032,"LOD",0.009,"LOD",0.081,"LOD",0.025,"LOD","0.154","ULOD","4.2000000000000003E-2","REG","1.4999999999999999E-2","REG","2.3140000000000001","REG","0.81899999999999995","REG","0.128","REG","8.4000000000000005E-2","REG","4.3999999999999997E-2","REG","1.0580000000000001","REG","0.34300000000000003","REG","0.60799999999999998","REG","0.14499999999999999","REG","1.0999999999999999E-2","REG","2E-3","ND","3.9E-2","REG","2.5000000000000001E-2","LOD","stationary","39.92624784"," -75.1923165","#9467bd","Winter","42024",1,47
"2","28th & Point Breeze","P733883 012624","MMT012324",2024-01-24,5,"Duplicate",2024-01-17 17:29:00,2024-01-24 10:09:00,0.613,"REG",0.77,"REG",0.135,"REG",1.007,"REG",2.525,"REG",0.826,"REG",0.181,"REG",0.281,"REG",0.36,"REG",0.405,"REG",0.281,"REG",0.165,"REG",0.087,"REG",0.022,"REG",0.1,"REG",0.038,"LOD",0.079,"REG",0.031,"REG",0.086,"REG",0.077,"REG",0.032,"LOD",0.015,"LOD",0.081,"LOD",0.025,"LOD","0.154","ULOD","3.5000000000000003E-2","REG","1.0999999999999999E-2","REG","1.958","REG","0.69199999999999995","REG","9.1999999999999998E-2","REG","7.3999999999999996E-2","REG","3.4000000000000002E-2","REG","1.0069999999999999","REG","0.313","REG","0.59699999999999998","REG","0.13800000000000001","REG","0.01","REG","2E-3","ND","3.9E-2","REG","2.1999999999999999E-2","LOD","stationary","39.92624784"," -75.1923165","#9467bd","Winter","42024",1,47
"3","25th & Point Breeze","P733893 042624","MMT042524",2024-04-24,6,"Sample",2024-04-17 13:07:00,2024-04-24 08:10:00,0.272,"REG",0.385,"REG",0.08,"REG",0.735,"REG",1.472,"REG",0.613,"REG",0.122,"REG",0.151,"REG",0.187,"REG",0.142,"REG",0.13,"REG",0.096,"REG",0.042,"REG",0.014,"REG",0.043,"REG",0.025,"LOD",0.047,"REG",0.023,"LOD",0.057,"REG",0.068,"REG",0.021,"LOD",0.018,"LOD",0.056,"LOD",0.022,"LOD","0.123","REG","1.4E-2","LOD","4.0000000000000001E-3","ND","1.105","REG","0.42899999999999999","REG","0.04","REG","5.3999999999999999E-2","REG","2.9000000000000001E-2","REG","0.32400000000000001","REG","0.35299999999999998","REG","0.312","REG","5.6000000000000001E-2","REG","8.0000000000000002E-3","REG","2E-3","ND","2.7E-2","LOD","1.6E-2","LOD","stationary","39.92771763"," -75.1873965","#ff7f0f",NA,"172024",1,47
"4","25th & Point Breeze","P733894 042724","MMT042524",2024-04-24,6,"Duplicate",2024-04-17 13:07:00,2024-04-24 08:10:00,0.246,"REG",0.346,"REG",0.075,"REG",0.667,"REG",1.334,"REG",0.555,"REG",0.112,"REG",0.165,"REG",0.173,"REG",0.129,"REG",0.124,"REG",0.096,"REG",0.042,"REG",0.014,"REG",0.052,"REG",0.025,"LOD",0.043,"LOD",0.019,"LOD",0.052,"REG",0.068,"REG",0.021,"LOD",0.013,"LOD",0.049,"LOD",0.022,"LOD","0.12","REG","7.0000000000000001E-3","LOD","4.0000000000000001E-3","ND","1.0469999999999999","REG","0.41799999999999998","REG","2.8000000000000001E-2","REG","5.3999999999999999E-2","REG","1.9E-2","REG","0.29899999999999999","REG","0.33800000000000002","REG","0.29099999999999998","REG","5.6000000000000001E-2","REG","8.0000000000000002E-3","REG","2E-3","ND","2.7E-2","LOD","1.6E-2","LOD","stationary","39.92771763"," -75.1873965","#ff7f0f",NA,"172024",1,47
"5","24th & Ritner","P726648 071323",NA,2023-07-12,8,"Sample",2023-07-05 19:45:00,2023-07-12 15:04:00,0.233,"REG",0.407,"REG",0.107,"REG",0.794,"REG",1.541,"REG",0.627,"REG",0.167,"REG",0.039,"REG",0.248,"REG",0.156,"REG",0.19,"REG",0.167,"REG",0.047,"REG",0.009,"REG",0.018,"REG",0.037,"LOD",0.072,"REG",0.027,"LOD",0.066,"REG",0.085,"REG",0.028,"LOD",0.017,"LOD",0.094,"LOD",0.041,"LOD","9.5000000000000001E-2","REG","6.0000000000000001E-3","LOD","5.0999999999999997E-2","REG","1.21","REG","0.51300000000000001","REG","4.7E-2","REG","9.5000000000000001E-2","REG","6.7000000000000004E-2","REG","0.38600000000000001","REG","0.17599999999999999","REG","0.73","REG","9.9000000000000005E-2","REG","1.0999999999999999E-2","REG","2E-3","ND","3.9E-2","REG","2.5000000000000001E-2","LOD","stationary","39.92296389"," -75.186874","#1f77b4",NA,"282023",1,46
"6","24th & Ritner","P726649 071323",NA,2023-07-12,8,"Duplicate",2023-07-05 19:45:00,2023-07-12 15:04:00,0.22,"REG",0.402,"REG",0.107,"REG",0.787,"REG",1.516,"REG",0.62,"REG",0.167,"REG",0.044,"REG",0.248,"REG",0.156,"REG",0.19,"REG",0.155,"REG",0.052,"REG",0.009,"REG",0.022,"REG",0.037,"LOD",0.068,"REG",0.031,"REG",0.066,"REG",0.085,"REG",0.032,"LOD",0.017,"LOD",0.094,"LOD",0.041,"LOD","9.5000000000000001E-2","REG","6.0000000000000001E-3","LOD","5.3999999999999999E-2","REG","1.288","REG","0.53400000000000003","REG","4.7E-2","REG","9.1999999999999998E-2","REG","6.7000000000000004E-2","REG","0.38600000000000001","REG","0.17599999999999999","REG","0.73","REG","9.9000000000000005E-2","REG","0","ND","2E-3","ND","3.9E-2","REG","2.5000000000000001E-2","LOD","stationary","39.92296389"," -75.186874","#1f77b4",NA,"282023",1,46
"7","24th & Ritner","P726661 062124","MMT061924",2024-06-19,8,"Sample",2024-06-05 13:48:00,2024-06-12 09:37:00,0.231,"REG",0.431,"REG",0.111,"REG",1.007,"REG",1.78,"REG",0.836,"REG",0.171,"REG",0.048,"REG",0.197,"REG",0.149,"REG",0.181,"REG",0.156,"REG",0.103,"REG",0.009,"REG",0.189,"REG",0.037,"LOD",0.068,"REG",0.031,"REG",0.074,"REG",0.1,"REG",0.028,"LOD",0.03,"REG",0.099,"REG",0.044,"LOD","6.9000000000000006E-2","REG","1.4E-2","LOD","3.5999999999999997E-2","REG","0.98799999999999999","REG","0.35399999999999998","REG","6.9000000000000006E-2","REG","8.1000000000000003E-2","REG","2.9000000000000001E-2","REG","0.33500000000000002","REG","0.20499999999999999","REG","0.35299999999999998","REG","0.17899999999999999","REG","0","ND","2E-3","ND","3.7999999999999999E-2","REG","1.9E-2","LOD","stationary","39.92296389"," -75.186874","#1f77b4",NA,"242024",1,46
"8","24th & Ritner","P726668 062124","MMT061924",2024-06-19,8,"Duplicate",2024-06-05 13:48:00,2024-06-12 09:38:00,0.225,"REG",0.426,"REG",0.106,"REG",1.007,"REG",1.764,"REG",0.836,"REG",0.171,"REG",0.053,"REG",0.197,"REG",0.149,"REG",0.175,"REG",0.144,"REG",0.061,"REG",0.009,"REG",0.063,"REG",0.031,"LOD",0.068,"REG",0.031,"REG",0.059,"REG",0.092,"REG",0.028,"LOD",0.024,"REG",0.079,"LOD",0.033,"LOD","7.2999999999999995E-2","REG","7.0000000000000001E-3","LOD","3.5999999999999997E-2","REG","0.96899999999999997","REG","0.35399999999999998","REG","7.0000000000000001E-3","ND","7.8E-2","REG","2.9000000000000001E-2","REG","0.33500000000000002","REG","0.20499999999999999","REG","0.35299999999999998","REG","0.17899999999999999","REG","1.0999999999999999E-2","REG","2E-3","ND","3.7999999999999999E-2","REG","1.9E-2","LOD","stationary","39.92296389"," -75.186874","#1f77b4",NA,"242024",1,46
"9","61st & Passyunk","P733863 052424","MMT052324",2024-05-22,3,"Sample",2024-05-15 13:42:00,2024-05-22 09:52:00,0.259,"REG",0.452,"REG",0.099,"REG",0.917,"REG",1.727,"REG",0.759,"REG",0.158,"REG",0.125,"REG",0.248,"REG",0.156,"REG",0.162,"REG",0.107,"REG",0.062,"REG",0.014,"REG",0.066,"REG",0.031,"LOD",0.061,"REG",0.027,"LOD",0.073,"REG",0.075,"REG",0.025,"LOD",0.009,"LOD",0.091,"REG",0.044,"LOD","0.14399999999999999","ULOD","1.2999999999999999E-2","LOD","0.03","REG","1.76","REG","0.66600000000000004","REG","2.5999999999999999E-2","REG","5.7000000000000002E-2","REG","2.7E-2","REG","0.34699999999999998","REG","0.32100000000000001","REG","0.42699999999999999","REG","9.1999999999999998E-2","REG","0","ND","2E-3","ND","3.1E-2","LOD","1.4999999999999999E-2","LOD","stationary","39.91820446"," -75.2085474","#8c564c",NA,"212024",1,46
"10","61st & Passyunk","P733864 052424","MMT052324",2024-05-22,3,"Duplicate",2024-05-15 13:42:00,2024-05-22 09:52:00,0.253,"REG",0.444,"REG",0.099,"REG",0.932,"REG",1.728,"REG",0.774,"REG",0.158,"REG",0.106,"REG",0.241,"REG",0.149,"REG",0.169,"REG",0.107,"REG",0.062,"REG",0.014,"REG",0.066,"REG",0.031,"LOD",0.061,"REG",0.031,"REG",0.073,"REG",0.075,"REG",0.025,"LOD",0.02,"REG",0.085,"LOD",0.044,"LOD","0.14399999999999999","ULOD","1.2999999999999999E-2","LOD","3.0000000000000001E-3","ND","1.6439999999999999","REG","0.625","REG","3.6999999999999998E-2","REG","5.7000000000000002E-2","REG","2.7E-2","REG","0.34699999999999998","REG","0.32100000000000001","REG","0.438","REG","9.1999999999999998E-2","REG","0","ND","2E-3","ND","3.1E-2","LOD","1.4999999999999999E-2","LOD","stationary","39.91820446"," -75.2085474","#8c564c",NA,"212024",1,46
"11","25th & Point Breeze","P726620 122123","MMT122023",2023-12-20,6,"Sample",2023-12-13 14:18:00,2023-12-20 10:44:00,0.448,"REG",0.785,"REG",0.191,"REG",1.685,"REG",3.109,"REG",1.399,"REG",0.286,"REG",0.251,"REG",0.391,"REG",0.392,"REG",0.264,"REG",0.131,"REG",0.066,"REG",0.027,"REG",0.174,"REG",0.049,"LOD",0.1,"REG",0.042,"REG",0.151,"REG",0.118,"REG",0.038,"REG",0.02,"LOD",0.152,"REG",0.044,"LOD","0.14499999999999999","ULOD","4.3999999999999997E-2","REG","1.2999999999999999E-2","LOD","2.1779999999999999","REG","0.8","REG","0.13300000000000001","REG","0.108","REG","3.7999999999999999E-2","REG","0.79100000000000004","REG","0.379","REG","0.40500000000000003","REG","8.5999999999999993E-2","REG","1.0999999999999999E-2","REG","2E-3","ND","0.05","REG","2.8000000000000001E-2","LOD","stationary","39.92771763"," -75.1873965","#ff7f0f","Winter","512023",1,47
"12","25th & Point Breeze","P726650 122123","MMT122023",2023-12-20,6,"Duplicate",2023-12-13 14:18:00,2023-12-20 10:45:00,0.441,"REG",0.768,"REG",0.186,"REG",1.659,"REG",3.054,"REG",1.378,"REG",0.281,"REG",0.241,"REG",0.378,"REG",0.378,"REG",0.251,"REG",0.131,"REG",0.053,"REG",0.027,"REG",0.126,"REG",0.049,"LOD",0.096,"REG",0.042,"REG",0.141,"REG",0.11,"REG",0.038,"REG",0.02,"LOD",0.132,"REG",0.038,"LOD","0.14499999999999999","ULOD","4.3999999999999997E-2","REG","1.2999999999999999E-2","LOD","2.1579999999999999","REG","0.79","REG","0.13300000000000001","REG","0.10100000000000001","REG","3.7999999999999999E-2","REG","0.76600000000000001","REG","0.35","REG","0.41599999999999998","REG","8.5999999999999993E-2","REG","1.0999999999999999E-2","REG","2E-3","ND","4.5999999999999999E-2","REG","2.5000000000000001E-2","LOD","stationary","39.92771763"," -75.1873965","#ff7f0f","Winter","512023",1,47
"13","Bartram’s Garden","P726601 102723","MMT102523",2023-10-25,1,"Sample",2023-10-18 11:51:00,2023-10-25 08:34:00,0.226,"REG",0.372,"REG",0.091,"REG",0.719,"REG",1.408,"REG",0.591,"REG",0.128,"REG",0.149,"REG",0.216,"REG",0.121,"REG",0.126,"REG",0.083,"REG",0.03,"REG",0.018,"REG",0.033,"REG",0.018,"LOD",0.043,"LOD",0.023,"LOD",0.034,"LOD",0.05,"REG",0.014,"LOD",0.049,"REG",0.027,"LOD",0.007,"LOD","0.14399999999999999","ULOD","5.0000000000000001E-3","ND","3.0000000000000001E-3","ND","1.1950000000000001","REG","0.45700000000000002","REG","2.9000000000000001E-2","REG","6.0999999999999999E-2","REG","3.7999999999999999E-2","REG","0.28399999999999997","REG","0.30599999999999999","REG","0.223","REG","5.5E-2","REG","0","ND","2E-3","ND","1.4999999999999999E-2","LOD","1.2E-2","LOD","stationary","39.92896"," -75.212541","#e377c3","Summer","432023",1,47
"14","Bartram’s Garden","P726602 102723","MMT102523",2023-10-25,1,"Duplicate",2023-10-18 11:51:00,2023-10-25 08:34:00,0.245,"REG",0.39,"REG",0.101,"REG",0.753,"REG",1.489,"REG",0.62,"REG",0.133,"REG",0.145,"REG",0.223,"REG",0.127,"REG",0.133,"REG",0.083,"REG",0.034,"REG",0.018,"REG",0.024,"REG",0.018,"LOD",0.046,"REG",0.023,"LOD",0.034,"LOD",0.05,"REG",0.017,"LOD",0.049,"REG",0.027,"LOD",0.013,"LOD","0.14399999999999999","ULOD","5.0000000000000001E-3","REG","3.0000000000000001E-3","ND","1.2529999999999999","REG","0.46700000000000003","REG","2.9000000000000001E-2","REG","6.4000000000000001E-2","REG","3.7999999999999999E-2","REG","0.29599999999999999","REG","0.32","REG","0.23300000000000001","REG","5.5E-2","REG","7.0000000000000001E-3","REG","2E-3","ND","1.9E-2","LOD","7.0000000000000001E-3","ND","stationary","39.92896"," -75.212541","#e377c3","Summer","432023",1,47
"15","Essington & Mingo","P726646 111023","MMT110823",2023-11-08,2,"sample",2023-11-01 12:40:00,2023-11-08 09:39:00,0.47,"REG",0.846,"REG",0.166,"REG",1.282,"REG",2.764,"REG",1.059,"REG",0.223,"REG",0.144,"REG",0.397,"REG",0.209,"REG",0.236,"REG",0.141,"REG",0.149,"REG",0.045,"REG",0.401,"REG",0.037,"LOD",0.078,"REG",0.034,"REG",0.136,"REG",0.075,"REG",0.028,"LOD",0.038,"REG",0.196,"REG",0.051,"LOD","0.14299999999999999","ULOD","3.1E-2","REG","1.2999999999999999E-2","LOD","2.1360000000000001","REG","0.77700000000000002","REG","0.13100000000000001","REG","8.4000000000000005E-2","REG","3.6999999999999998E-2","REG","0.44400000000000001","REG","0.30499999999999999","REG","0.27600000000000002","REG","0.08","REG","1.4999999999999999E-2","REG","2E-3","ND","3.5000000000000003E-2","LOD","1.7999999999999999E-2","LOD","stationary","39.90131732"," -75.2250262","#7f7f7f",NA,"452023",1,44
"16","Essington & Mingo","P726648 111023","MMT110823",2023-11-08,2,"Duplicate",2023-11-01 12:40:00,2023-11-08 09:41:00,0.464,"REG",0.851,"REG",0.166,"REG",1.31,"REG",2.791,"REG",1.087,"REG",0.223,"REG",0.139,"REG",0.397,"REG",0.209,"REG",0.229,"REG",0.13,"REG",0.078,"REG",0.045,"REG",0.098,"REG",0.037,"LOD",0.078,"REG",0.03,"REG",0.067,"REG",0.075,"REG",0.028,"LOD",0.038,"REG",0.068,"LOD",0.023,"LOD","0.14299999999999999","ULOD","2.4E-2","REG","1.2999999999999999E-2","LOD","2.1549999999999998","REG","0.79800000000000004","REG","7.0000000000000001E-3","ND","8.6999999999999994E-2","REG","3.6999999999999998E-2","REG","0.46800000000000003","REG","0.29099999999999998","REG","0.27600000000000002","REG","0.08","REG","1.4999999999999999E-2","REG","2E-3","ND","3.4000000000000002E-2","LOD","1.7999999999999999E-2","LOD","stationary","39.90131732"," -75.2250262","#7f7f7f",NA,"452023",1,44
"17","28th & Passyunk","P726612 072823",NA,2023-07-26,4,"Sample",2023-07-19 13:10:00,2023-07-26 10:34:00,0.557,"REG",1.063,"REG",0.396,"REG",4.736,"REG",6.752,"REG",3.75,"REG",0.986,"REG",0.206,"REG",1.047,"REG",1.009,"REG",0.956,"REG",1.439,"REG",0.375,"REG",0.032,"REG",0.359,"REG",0.218,"LOD",0.556,"REG",0.19,"LOD",0.434,"REG",0.901,"REG",0.224,"LOD",0.04,"LOD",0.905,"REG",0.453,"REG","0.57799999999999996","REG","5.0000000000000001E-3","ND","9.0999999999999998E-2","LOD","9.0570000000000004","REG","3.9039999999999999","REG","0.14699999999999999","LOD","0.52600000000000002","REG","6.7000000000000004E-2","REG","2.548","REG","0.51800000000000002","REG","4.8540000000000001","REG","0.78600000000000003","REG","0","ND","2E-3","ND","8.9999999999999993E-3","ND","0.308","REG","stationary","39.92061091"," -75.1955879","#d62727",NA,"302023",1,47
"18","28th & Passyunk","P726613 072823",NA,2023-07-26,4,"Duplicate",2023-07-19 13:10:00,2023-07-26 10:34:00,0.557,"REG",1.063,"REG",0.396,"REG",4.633,"REG",6.649,"REG",3.647,"REG",0.986,"REG",0.206,"REG",1.047,"REG",0.961,"REG",0.956,"REG",1.439,"REG",0.405,"REG",0.032,"REG",0.427,"REG",0.175,"LOD",0.531,"REG",0.218,"REG",0.434,"REG",0.901,"REG",0.199,"LOD",0.04,"LOD",0.809,"REG",0.453,"REG","0.53100000000000003","REG","5.0000000000000001E-3","ND","6.7000000000000004E-2","LOD","8.92","REG","3.7570000000000001","REG","0.14699999999999999","LOD","0.55000000000000004","REG","1E-3","ND","2.548","REG","0.51800000000000002","REG","4.702","REG","0.78600000000000003","REG","0","ND","2E-3","ND","0.35499999999999998","REG","0.308","REG","stationary","39.92061091"," -75.1955879","#d62727",NA,"302023",1,47
"19","24th & Ritner","P733889 031624","MMT031524",2024-03-13,8,"Sample",2024-03-06 11:15:00,2024-03-13 09:30:00,0.533,"REG",0.735,"REG",0.134,"REG",1.142,"REG",2.544,"REG",0.957,"REG",0.185,"REG",0.129,"REG",0.673,"REG",0.273,"REG",0.255,"REG",0.198,"REG",0.065,"REG",0.013,"REG",0.034,"REG",0.036,"LOD",0.074,"REG",0.03,"REG",0.054,"REG",0.083,"REG",0.028,"LOD",0.006,"ND",0.051,"LOD",0.029,"LOD","0.14099999999999999","ULOD","6.7000000000000004E-2","REG","3.0000000000000001E-3","ND","3.1320000000000001","REG","1.129","REG","0.18","REG","9.2999999999999999E-2","REG","4.5999999999999999E-2","REG","0.61099999999999999","REG","0.27400000000000002","REG","0.54700000000000004","REG","0.128","REG","8.0000000000000002E-3","REG","2E-3","ND","0.03","LOD","1.7999999999999999E-2","LOD","stationary","39.92296389"," -75.186874","#1f77b4",NA,"112024",1,46
"20","24th & Ritner","P733890 031624","MMT031524",2024-03-13,8,"Duplicate",2024-03-06 11:15:00,2024-03-13 09:30:00,0.514,"REG",0.778,"REG",0.134,"REG",1.127,"REG",2.553,"REG",0.942,"REG",0.185,"REG",0.124,"REG",0.673,"REG",0.273,"REG",0.255,"REG",0.198,"REG",0.057,"REG",0.018,"REG",0.015,"REG",0.036,"LOD",0.07,"REG",0.034,"REG",0.044,"LOD",0.091,"REG",0.028,"LOD",0.001,"LOD",0.045,"LOD",0.024,"LOD","0.14099999999999999","ULOD","6.0999999999999999E-2","REG","3.0000000000000001E-3","ND","3.093","REG","1.119","REG","0.122","REG","0.09","REG","4.5999999999999999E-2","REG","0.63600000000000001","REG","0.27400000000000002","REG","0.54700000000000004","REG","0.128","REG","6.0000000000000001E-3","REG","2E-3","ND","0.03","LOD","1.7999999999999999E-2","LOD","stationary","39.92296389"," -75.186874","#1f77b4",NA,"112024",1,46
"21","24th & Ritner","P733893 092923","MMT092823",2023-09-27,8,"Sample",2023-09-20 12:16:00,2023-09-27 10:44:00,0.283,"REG",0.392,"REG",0.085,"REG",0.686,"REG",1.446,"REG",0.565,"REG",0.121,"REG",0.162,"REG",0.154,"REG",0.1,"REG",0.111,"REG",0.07,"LOD",0.039,"REG",0.018,"REG",0.027,"REG",0.024,"LOD",0.046,"REG",0.019,"LOD",0.045,"LOD",0.05,"REG",0.012,"LOD",0.032,"REG",0.034,"LOD",0.013,"LOD","0.14499999999999999","REG","5.0000000000000001E-3","ND","1.2999999999999999E-2","REG","0.91500000000000004","REG","0.317","REG","2.8000000000000001E-2","REG","6.2E-2","REG","3.6999999999999998E-2","REG","0.23200000000000001","REG","0.28799999999999998","REG","0.21099999999999999","REG","5.5E-2","REG","0","ND","2E-3","ND","1.9E-2","LOD","1.2E-2","LOD","stationary","39.92296389"," -75.186874","#1f77b4","Summer","392023",1,46
"22","24th & Ritner","P733894 092923","MMT092823",2023-09-27,8,"Duplicate",2023-09-20 12:16:00,2023-09-27 10:44:00,0.27,"REG",0.366,"REG",0.08,"REG",0.632,"REG",1.348,"REG",0.522,"REG",0.11,"REG",0.162,"REG",0.141,"REG",0.093,"REG",0.098,"REG",0.07,"LOD",0.014,"REG",0.018,"REG",0.01,"ND",0.018,"LOD",0.042,"LOD",0.019,"LOD",0.03,"LOD",0.05,"REG",0.012,"LOD",0.026,"REG",0.027,"LOD",0.007,"LOD","0.14499999999999999","REG","5.0000000000000001E-3","ND","1.2999999999999999E-2","REG","0.877","REG","0.28599999999999998","REG","2.8000000000000001E-2","REG","5.8999999999999997E-2","REG","3.6999999999999998E-2","REG","0.20799999999999999","REG","0.25900000000000001","REG","0.2","REG","4.9000000000000002E-2","LOD","0","ND","1.2E-2","REG","1.9E-2","LOD","8.9999999999999993E-3","LOD","stationary","39.92296389"," -75.186874","#1f77b4","Summer","392023",1,46
"23","28th & Passyunk","P733893 120823","MMT120723",2023-12-07,4,"Sample",2023-11-22 11:49:00,2023-11-29 10:18:00,0.422,"REG",0.46,"REG",0.119,"REG",1.239,"REG",2.24,"REG",1.028,"REG",0.211,"REG",0.095,"REG",0.406,"REG",0.227,"REG",0.253,"REG",0.258,"REG",0.19,"REG",0.013,"REG",0.231,"REG",0.042,"LOD",0.091,"REG",0.045,"REG",0.144,"REG",0.141,"REG",0.031,"LOD",0.015,"LOD",0.114,"REG",0.04,"LOD","0.214","ULOD","1.0999999999999999E-2","LOD","3.0000000000000001E-3","ND","2.3260000000000001","REG","0.82099999999999995","REG","7.0000000000000001E-3","ND","0.113","REG","3.5999999999999997E-2","REG","0.501","REG","0.28799999999999998","REG","0.59","REG","9.0999999999999998E-2","REG","0","ND","2E-3","ND","5.2999999999999999E-2","REG","3.1E-2","REG","stationary","39.92061091"," -75.1955879","#d62727",NA,"482023",1,47
"24","28th & Passyunk","P733894 120823","MMT120723",2023-12-07,4,"Duplicate",2023-11-22 11:49:00,2023-11-29 10:18:00,0.416,"REG",0.43,"REG",0.114,"REG",1.115,"REG",2.075,"REG",0.92,"REG",0.195,"REG",0.243,"REG",0.406,"REG",0.234,"REG",0.24,"REG",0.27,"REG",0.173,"REG",0.013,"REG",0.197,"REG",0.036,"LOD",0.084,"REG",0.038,"REG",0.139,"REG",0.124,"REG",0.031,"LOD",0.009,"LOD",0.107,"REG",0.034,"LOD","0.214","ULOD","1.7000000000000001E-2","REG","3.0000000000000001E-3","ND","2.1549999999999998","REG","0.82099999999999995","REG","6.0999999999999999E-2","REG","0.11","REG","3.5999999999999997E-2","REG","0.52500000000000002","REG","0.28799999999999998","REG","0.622","REG","0.10299999999999999","REG","7.0000000000000001E-3","REG","2E-3","ND","4.9000000000000002E-2","REG","3.1E-2","REG","stationary","39.92061091"," -75.1955879","#d62727",NA,"482023",1,47
"25","26th & Hartranft","P733888 102623","MMT102523",2023-10-25,9,"Sample",2023-10-11 10:17:00,2023-10-18 08:58:00,0.348,"REG",0.47,"REG",0.139,"REG",1.157,"REG",2.114,"REG",0.941,"REG",0.216,"REG",0.133,"REG",0.407,"REG",0.339,"REG",0.305,"REG",0.329,"REG",0.109,"REG",0.022,"REG",0.114,"REG",0.048,"LOD",0.095,"REG",0.045,"REG",0.156,"REG",0.141,"REG",0.041,"REG",0.021,"LOD",0.233,"REG",0.158,"REG","0.14199999999999999","ULOD","1.9E-2","REG","1.2E-2","LOD","3.8090000000000002","ULOD","2.0510000000000002","REG","8.5999999999999993E-2","REG","0.36599999999999999","REG","4.7E-2","REG","0.86599999999999999","REG","0.317","REG","1.325","REG","0.33300000000000002","REG","0","ND","2E-3","ND","4.5999999999999999E-2","REG","4.9000000000000002E-2","REG","stationary","39.91327125"," -75.1922011","#2ba02b","Summer","422023",1,44
"26","26th & Hartranft","P733889 102623","MMT102523",2023-10-25,9,"Duplicate",2023-10-11 10:17:00,2023-10-18 08:58:00,0.361,"REG",0.483,"REG",0.149,"REG",1.245,"REG",2.238,"REG",1.013,"REG",0.232,"REG",0.143,"REG",0.413,"REG",0.346,"REG",0.312,"REG",0.353,"REG",0.109,"REG",0.022,"REG",0.1,"REG",0.055,"LOD",0.098,"REG",0.053,"REG",0.151,"REG",0.149,"REG",0.045,"REG",0.021,"LOD",0.213,"REG",0.164,"REG","0.14199999999999999","ULOD","1.9E-2","REG","1.2E-2","LOD","3.8090000000000002","ULOD","2.0510000000000002","ULOD","0.109","REG","0.379","REG","4.7E-2","REG","0.89","REG","0.36","REG","1.3879999999999999","REG","0.35099999999999998","REG","0","ND","2E-3","ND","4.9000000000000002E-2","REG","5.1999999999999998E-2","REG","stationary","39.91327125"," -75.1922011","#2ba02b","Summer","422023",1,44
"27","26th & Hartranft","P733871 021624","MMT021524",2024-02-14,9,"Sample",2024-02-07 11:41:00,2024-02-14 10:22:00,1.384,"REG",0.984,"REG",0.289,"REG",1.961,"REG",4.618,"REG",1.662,"REG",0.299,"REG",0.243,"REG",1.117,"REG",0.746,"REG",0.814,"REG",0.658,"REG",0.177,"REG",0.04,"REG",0.205,"REG",0.139,"REG",0.137,"REG",0.102,"REG",0.279,"REG",0.308,"REG",0.066,"REG",0.009,"LOD",0.472,"REG",0.286,"REG","0.217","ULOD","2.5000000000000001E-2","REG","3.0000000000000001E-3","ND","3.8090000000000002","ULOD","2.0510000000000002","ULOD","0.13700000000000001","REG","0.41899999999999998","REG","6.3E-2","REG","1.9019999999999999","REG","0.41699999999999998","REG","2.1040000000000001","ULOD","0.442","REG","1.2999999999999999E-2","REG","2E-3","ND","9.5000000000000001E-2","REG","7.9000000000000001E-2","REG","stationary","39.91327125"," -75.1922011","#2ba02b","Winter","72024",1,44
"28","26th & Hartranft","P733873 021624","MMT021524",2024-02-14,9,"Duplicate",2024-02-07 11:41:00,2024-02-14 10:22:00,1.347,"REG",0.933,"REG",0.254,"REG",1.771,"REG",4.305,"REG",1.498,"REG",0.273,"REG",0.229,"REG",1.084,"REG",0.706,"REG",0.769,"REG",0.611,"REG",0.168,"REG",0.04,"REG",0.196,"REG",0.115,"REG",0.123,"REG",0.079,"REG",0.255,"REG",0.267,"REG",0.059,"REG",0.009,"LOD",0.412,"REG",0.27,"REG","0.217","ULOD","2.5000000000000001E-2","REG","3.0000000000000001E-3","ND","3.8090000000000002","ULOD","2.0510000000000002","ULOD","0.14899999999999999","REG","0.40600000000000003","REG","5.3999999999999999E-2","REG","1.7929999999999999","REG","0.374","REG","2.1040000000000001","ULOD","0.40600000000000003","REG","0","ND","2E-3","ND","8.9999999999999993E-3","ND","6.7000000000000004E-2","REG","stationary","39.91327125"," -75.1922011","#2ba02b","Winter","72024",1,44
"29","28th & Point Breeze","P733879 082523","MMT082323",2023-08-23,5,"Sample",2023-08-16 12:45:00,2023-08-23 11:40:00,0.297,"REG",0.582,"REG",0.15,"REG",0.948,"REG",1.977,"REG",0.748,"REG",0.2,"REG",0.038,"REG",0.18,"REG",0.126,"REG",0.189,"REG",0.137,"REG",0.32,"REG",0.013,"REG",0.458,"REG",0.042,"LOD",0.087,"REG",0.033,"REG",0.109,"REG",0.082,"REG",0.034,"LOD",0.033,"REG",0.166,"REG",0.12,"REG","6.6000000000000003E-2","REG","1.2999999999999999E-2","LOD","3.1E-2","REG","0.79200000000000004","REG","0.29699999999999999","REG","6.3E-2","REG","7.5999999999999998E-2","REG","2.8000000000000001E-2","REG","0.26800000000000002","REG","0.17199999999999999","REG","0.252","REG","0.115","REG","0","ND","2E-3","ND","4.2000000000000003E-2","REG","0.03","REG","stationary","39.92624784"," -75.1923165","#9467bd","Summer","342023",1,47
"30","28th & Point Breeze","P733880 082523","MMT082323",2023-08-23,5,"Duplicate",2023-08-16 12:45:00,2023-08-23 11:40:00,0.266,"REG",0.595,"REG",0.155,"REG",0.988,"REG",2.004,"REG",0.783,"REG",0.205,"REG",0.033,"REG",0.166,"REG",0.12,"REG",0.15,"REG",0.149,"REG",0.075,"REG",0.009,"REG",0.12,"REG",0.048,"LOD",0.091,"REG",0.03,"REG",0.089,"REG",0.09,"REG",0.034,"LOD",0.033,"REG",0.14,"REG",0.109,"REG","6.2E-2","REG","5.0000000000000001E-3","ND","3.1E-2","REG","0.77300000000000002","REG","0.27700000000000002","REG","7.0000000000000001E-3","ND","7.2999999999999995E-2","REG","2.8000000000000001E-2","REG","0.28000000000000003","REG","0.187","REG","0.26300000000000001","REG","0.121","REG","1.0999999999999999E-2","REG","2E-3","ND","4.4999999999999998E-2","REG","7.0000000000000001E-3","ND","stationary","39.92624784"," -75.1923165","#9467bd","Summer","342023",1,47
"31","Essington & Mingo","P733857 071323","CHECKSPLIT",2023-07-12,2,"Sample",2023-06-28 13:34:00,2023-07-05 12:32:00,0.334,"REG",0.742,"REG",0.162,"REG",1.143,"REG",2.381,"REG",0.888,"REG",0.255,"REG",0.055,"REG",0.19,"REG",0.12,"REG",0.134,"REG",0.092,"REG",0.042,"REG",0.009,"REG",0.008,"REG",0.036,"REG",0.084,"REG",0.028,"REG",0.03,"REG",0.071,"REG",0.029,"REG",0.006,"LOD",0.059,"REG",0.024,"REG","8.2000000000000003E-2","REG","3.0000000000000001E-3","REG","7.3999999999999996E-2","REG","1.012","REG","0.36299999999999999","REG","0.04","REG","7.5999999999999998E-2","REG","2.3E-2","REG","0.26200000000000001","REG","0.187","REG","0.152","REG","0.109","REG","0","ND","1.2999999999999999E-2","REG","3.2000000000000001E-2","REG","1.7000000000000001E-2","REG","stationary","39.90131732"," -75.2250262","#7f7f7f",NA,"272023",1,44
"32","Essington & Mingo","P733870 071323",NA,2023-07-12,2,"Duplicate",2023-06-28 13:34:00,2023-07-05 12:32:00,0.315,"REG",0.716,"REG",0.155,"REG",1.098,"REG",2.284,"REG",0.856,"REG",0.242,"REG",0.043,"REG",0.163,"REG",0.106,"REG",0.115,"REG",0.081,"REG",0.017,"REG",0.009,"REG",0.01,"ND",0.036,"LOD",0.077,"REG",0.026,"LOD",0.026,"LOD",0.075,"REG",0.028,"LOD",0.006,"LOD",0.052,"LOD",0.018,"LOD","7.0999999999999994E-2","REG","5.0000000000000001E-3","ND","6.3E-2","REG","0.93600000000000005","REG","0.33800000000000002","REG","2.3E-2","REG","7.2999999999999995E-2","REG","1.9E-2","REG","0.25600000000000001","REG","0.17199999999999999","REG","0.13700000000000001","REG","9.7000000000000003E-2","REG","0","ND","2E-3","ND","3.4000000000000002E-2","LOD","1.4999999999999999E-2","LOD","stationary","39.90131732"," -75.2250262","#7f7f7f",NA,"272023",1,44
"33","25th & Point Breeze","P733867 090723","MMT090623",2023-09-06,6,"Sample",2023-08-23 11:33:00,2023-08-30 10:31:00,0.21,"REG",0.344,"REG",0.085,"REG",0.576,"REG",1.215,"REG",0.455,"REG",0.121,"REG",0.057,"REG",0.16,"REG",0.166,"REG",0.137,"REG",0.125,"REG",0.062,"REG",0.009,"REG",0.097,"REG",0.03,"LOD",0.052,"REG",0.026,"LOD",0.06,"REG",0.065,"REG",0.024,"LOD",0.017,"LOD",0.093,"REG",0.049,"LOD","6.6000000000000003E-2","REG","1.0999999999999999E-2","LOD","5.5E-2","REG","0.83699999999999997","REG","0.30499999999999999","REG","6.2E-2","REG","6.5000000000000002E-2","REG","1.9E-2","REG","0.39","REG","0.20100000000000001","REG","0.33600000000000002","REG","7.9000000000000001E-2","REG","0","ND","2E-3","ND","0.03","LOD","2.1000000000000001E-2","LOD","stationary","39.92771763"," -75.1873965","#ff7f0f","Summer","352023",1,47
"34","25th & Point Breeze","P733868 090723","MMT090623",2023-09-06,6,"Duplicate",2023-08-23 11:33:00,2023-08-30 10:31:00,0.428,"REG",0.692,"REG",0.18,"REG",1.175,"REG",2.475,"REG",0.933,"REG",0.242,"REG",0.114,"REG",0.339,"REG",0.346,"REG",0.305,"REG",0.29,"REG",0.15,"REG",0.018,"REG",0.244,"REG",0.06,"REG",0.104,"REG",0.041,"REG",0.114,"REG",0.115,"REG",0.041,"REG",0.028,"REG",0.193,"REG",0.109,"REG","0.108","REG","0.02","REG","0.11899999999999999","REG","1.724","REG","0.65500000000000003","REG","8.5999999999999993E-2","REG","0.13","REG","4.7E-2","REG","0.77900000000000003","REG","0.38800000000000001","REG","0.70399999999999996","REG","0.16300000000000001","REG","0","ND","2E-3","ND","4.9000000000000002E-2","REG","0.04","REG","stationary","39.92771763"," -75.1873965","#ff7f0f","Summer","352023",1,47
"35","Bartram’s Garden","P726609 061623","NA",2023-06-14,1,"Sample",2023-06-07 14:25:00,2023-06-14 13:28:00,0.24,"REG",0.235,"REG",0.05,"REG",0.298,"REG",0.823,"REG",0.23,"REG",0.068,"REG",0.049,"REG",0.085,"REG",0.052,"REG",0.04,"REG",0.047,"LOD",0.006,"ND",0.009,"REG",0.01,"ND",0.012,"LOD",0.011,"ND",0.026,"LOD",0.01,"LOD",0.033,"REG",0.014,"LOD",0.011,"LOD",0.013,"LOD",0.005,"LOD","2.5000000000000001E-2","REG","1.7999999999999999E-2","REG","8.2000000000000003E-2","REG","0.38500000000000001","REG","0.13300000000000001","REG","1.7000000000000001E-2","REG","1.7000000000000001E-2","LOD","1.9E-2","REG","0.11","REG","0.215","REG","9.5000000000000001E-2","REG","0.03","LOD","7.0000000000000001E-3","REG","8.9999999999999993E-3","REG","1.0999999999999999E-2","LOD","8.9999999999999993E-3","LOD","stationary","39.92896"," -75.212541","#e377c3",NA,"242023",1,47
"36","Bartram’s Garden","P726610 061623","NA",2023-06-14,1,"Duplicate",2023-06-07 14:25:00,2023-06-14 13:28:00,0.253,"REG",0.239,"REG",0.05,"REG",0.298,"REG",0.84,"REG",0.23,"REG",0.068,"REG",0.025,"REG",0.085,"REG",0.052,"REG",0.04,"REG",0.035,"LOD",0.006,"ND",0.009,"REG",0.01,"ND",0.012,"LOD",0.028,"LOD",0.03,"REG",0.01,"LOD",0.025,"REG",0.01,"LOD",0.011,"LOD",0.007,"LOD",0.015,"ND","1.7999999999999999E-2","REG","2.5000000000000001E-2","REG","7.1999999999999995E-2","REG","0.34699999999999998","REG","0.13300000000000001","REG","1.7000000000000001E-2","REG","0.03","LOD","1.9E-2","REG","0.11","REG","0.215","REG","9.5000000000000001E-2","REG","0.03","LOD","7.0000000000000001E-3","REG","8.9999999999999993E-3","REG","1.0999999999999999E-2","LOD","8.9999999999999993E-3","LOD","stationary","39.92896"," -75.212541","#e377c3",NA,"242023",1,47
"37","25th & Point Breeze","P726643 090823","MMT090623",2023-09-06,6,"Sample",2023-08-30 10:31:00,2023-09-06 09:45:00,0.194,"REG",0.411,"REG",0.099,"REG",0.714,"REG",1.418,"REG",0.562,"REG",0.152,"REG",0.043,"REG",0.18,"REG",0.153,"REG",0.143,"REG",0.151,"REG",0.038,"REG",0.013,"REG",0.036,"REG",0.03,"LOD",0.066,"REG",0.026,"LOD",0.064,"REG",0.083,"REG",0.022,"LOD",0.021,"LOD",0.1,"REG",0.015,"ND","1.9E-2","REG","5.0000000000000001E-3","ND","4.2000000000000003E-2","REG","1.006","REG","0.35599999999999998","REG","3.9E-2","REG","7.1999999999999995E-2","REG","1.9E-2","REG","0.34","REG","0.186","REG","0.38800000000000001","REG","0.10299999999999999","REG","0","ND","2E-3","ND","3.4000000000000002E-2","LOD","2.7E-2","LOD","stationary","39.92771763"," -75.1873965","#ff7f0f","Summer","362023",1,47
"38","25th & Point Breeze","P726610 090823","MMT090623",2023-09-06,6,"Duplicate",2023-08-30 10:31:00,2023-09-06 09:46:00,0.207,"REG",0.42,"REG",0.104,"REG",0.739,"REG",1.47,"REG",0.577,"REG",0.162,"REG",0.024,"REG",0.18,"REG",0.159,"REG",0.143,"REG",0.151,"REG",0.026,"REG",0.013,"REG",0.003,"REG",0.036,"LOD",0.07,"REG",0.03,"REG",0.059,"REG",0.083,"REG",0.022,"LOD",0.021,"LOD",0.08,"LOD",0.056,"REG","4.8000000000000001E-2","REG","5.0000000000000001E-3","ND","4.8000000000000001E-2","REG","0.96799999999999997","REG","0.34599999999999997","REG","7.0000000000000001E-3","ND","6.9000000000000006E-2","REG","1.9E-2","REG","0.36499999999999999","REG","0.186","REG","0.38800000000000001","REG","0.109","REG","0","ND","2E-3","ND","3.7999999999999999E-2","REG","2.7E-2","LOD","stationary","39.92771763"," -75.1873965","#ff7f0f","Summer","362023",1,47
"39","61st & Passyunk","P733841 081123","MMT080923",2023-08-09,3,"Sample",2023-08-02 10:51:00,2023-08-09 10:19:00,0.241,"REG",0.47,"REG",0.114,"REG",0.804,"REG",1.629,"REG",0.631,"REG",0.173,"REG",0.109,"REG",0.206,"REG",0.133,"REG",0.143,"REG",0.113,"REG",0.058,"REG",0.013,"REG",0.068,"REG",0.03,"LOD",0.073,"REG",0.026,"LOD",0.05,"LOD",0.073,"REG",0.027,"LOD",0.011,"LOD",0.066,"LOD",0.033,"LOD","0.109","REG","2.7E-2","REG","8.5999999999999993E-2","REG","1.1120000000000001","REG","0.378","REG","0.04","REG","6.3E-2","REG","2.8000000000000001E-2","REG","0.30299999999999999","REG","0.22900000000000001","REG","0.251","REG","7.1999999999999995E-2","REG","0","ND","2E-3","ND","3.4000000000000002E-2","LOD","7.0000000000000001E-3","ND","stationary","39.91820446"," -75.2085474","#8c564c",NA,"322023",1,46
"40","61st & Passyunk","P733843 081123","MMT080923",2023-08-09,3,"Duplicate",2023-08-02 10:51:00,2023-08-09 10:19:00,0.253,"REG",0.462,"REG",0.114,"REG",0.799,"REG",1.628,"REG",0.631,"REG",0.168,"REG",0.114,"REG",0.212,"REG",0.133,"REG",0.143,"REG",0.113,"REG",0.05,"REG",0.013,"REG",0.049,"REG",0.036,"LOD",0.073,"REG",0.026,"LOD",0.045,"LOD",0.073,"REG",0.027,"LOD",0.011,"LOD",0.053,"LOD",0.033,"LOD","0.14499999999999999","REG","2.7E-2","REG","8.5999999999999993E-2","REG","1.131","REG","0.38800000000000001","REG","0.04","REG","7.2999999999999995E-2","REG","2.8000000000000001E-2","REG","0.29099999999999998","REG","0.22900000000000001","REG","0.251","REG","7.8E-2","REG","0","ND","2E-3","ND","3.4000000000000002E-2","LOD","2.1000000000000001E-2","LOD","stationary","39.91820446"," -75.2085474","#8c564c",NA,"322023",1,46
"41","Bartram’s Garden","P733841 062724","MMT062724",2024-06-26,1,"Duplicate",2024-06-19 10:40:00,2024-06-26 10:19:00,0.102,"REG",0.205,"REG",0.039,"REG",0.306,"REG",0.652,"REG",0.249,"REG",0.057,"REG",0.062,"REG",0.074,"REG",0.04,"LOD",0.068,"REG",0.047,"LOD",0.035,"REG",0.009,"REG",0.057,"REG",0.012,"LOD",0.017,"LOD",0.011,"LOD",0.048,"LOD",0.024,"REG",0.01,"LOD",0.013,"LOD",0.057,"LOD",0.021,"LOD","0.03","REG","5.0000000000000001E-3","ND","0.127","REG","0.30299999999999999","REG","0.111","REG","2.1999999999999999E-2","REG","1.7000000000000001E-2","LOD","1.9E-2","REG","9.7000000000000003E-2","REG","0.186","REG","9.4E-2","REG","1.7999999999999999E-2","LOD","0","ND","2E-3","ND","1.4999999999999999E-2","LOD","7.0000000000000001E-3","ND","stationary","39.92896"," -75.212541","#e377c3",NA,"262024",1,47
"42","Bartram’s Garden","P726670 062724","MMT062724",2024-06-26,1,"Sample",2024-06-19 10:39:00,2024-06-26 10:19:00,0.095,"REG",0.192,"REG",0.034,"REG",0.287,"REG",0.608,"REG",0.235,"REG",0.052,"REG",0.066,"REG",0.074,"REG",0.04,"LOD",0.068,"REG",0.035,"LOD",0.035,"REG",0.009,"REG",0.057,"REG",0.012,"LOD",0.014,"LOD",0.011,"LOD",0.048,"LOD",0.024,"REG",0.01,"LOD",0.007,"LOD",0.057,"LOD",0.021,"LOD","0","ND","5.0000000000000001E-3","ND","0.13","REG","0.28399999999999997","REG","0.10100000000000001","REG","2.1999999999999999E-2","REG","1.0999999999999999E-2","ND","1.9E-2","REG","8.5000000000000006E-2","REG","0.17199999999999999","REG","8.4000000000000005E-2","REG","1.7999999999999999E-2","LOD","0","ND","2E-3","ND","1.0999999999999999E-2","LOD","7.0000000000000001E-3","ND","stationary","39.92896"," -75.212541","#e377c3",NA,"262024",1,47
"43","24th & Ritner","P726658 011724","MMT011624",2024-01-10,8,"Sample",2024-01-03 12:56:00,2024-01-10 12:43:00,0.643,"REG",0.611,"REG",0.124,"REG",0.815,"REG",2.193,"REG",0.663,"REG",0.152,"REG",0.108,"REG",0.378,"REG",0.268,"REG",0.231,"REG",0.146,"REG",0.129,"REG",0.016,"REG",0.191,"REG",0.03,"LOD",0.062,"REG",0.03,"REG",0.078,"REG",0.074,"REG",0.024,"LOD",0.014,"LOD",0.064,"LOD",0.024,"LOD","0.04","ULOD","2.7E-2","REG","3.0000000000000001E-3","ND","2.5179999999999998","REG","0.67200000000000004","REG","4.2000000000000003E-2","REG","0.09","REG","3.2000000000000001E-2","REG","0.57699999999999996","REG","0.3","REG","0.42599999999999999","REG","9.6000000000000002E-2","REG","0","ND","2E-3","ND","0.03","LOD","1.7999999999999999E-2","LOD","stationary","39.92296389"," -75.186874","#1f77b4","Winter","22024",1,46
"44","24th & Ritner","P726661 011724","MMT011624",2024-01-10,8,"Duplicate",2024-01-03 12:56:00,2024-01-10 12:43:00,0.636,"REG",0.598,"REG",0.114,"REG",0.777,"REG",2.125,"REG",0.635,"REG",0.142,"REG",0.108,"REG",0.372,"REG",0.255,"REG",0.205,"REG",0.134,"REG",0.062,"REG",0.016,"REG",0.082,"REG",0.03,"LOD",0.059,"REG",0.026,"LOD",0.063,"REG",0.005,"ND",0.009,"ND",0.014,"LOD",0.058,"LOD",0.024,"LOD","0.04","ULOD","3.3000000000000002E-2","REG","3.0000000000000001E-3","ND","2.4809999999999999","REG","0.68300000000000005","REG","5.3999999999999999E-2","REG","8.4000000000000005E-2","REG","3.2000000000000001E-2","REG","0.57699999999999996","REG","0.28599999999999998","REG","0.41499999999999998","REG","9.6000000000000002E-2","REG","7.0000000000000001E-3","REG","2E-3","ND","2.5999999999999999E-2","LOD","1.4999999999999999E-2","LOD","stationary","39.92296389"," -75.186874","#1f77b4","Winter","22024",1,46
"45","Morris & Point Breeze","P733869 041224","MMT041024",2024-04-10,7,"Sample",2024-04-03 11:55:00,2024-04-10 11:51:00,0.313,"REG",0.433,"REG",0.092,"REG",0.833,"REG",1.671,"REG",0.688,"REG",0.145,"REG",0.061,"REG",0.208,"REG",0.112,"REG",0.133,"REG",0.105,"REG",0.036,"REG",0.013,"REG",0.008,"REG",0.03,"LOD",0.031,"LOD",0.03,"REG",0.07,"REG",0.074,"REG",0.024,"LOD",0.029,"REG",0.088,"REG",0.054,"LOD","0.186","REG","1.2999999999999999E-2","LOD","3.0000000000000001E-3","ND","0.92200000000000004","REG","0.314","REG","2.7E-2","REG","0.04","LOD","2.8000000000000001E-2","REG","0.254","REG","0.186","REG","0.251","REG","0.06","REG","7.0000000000000001E-3","REG","2E-3","ND","0.03","LOD","2.1000000000000001E-2","LOD","stationary","39.93094655"," -75.1829941","#bcbd21",NA,"152024",1,45
"46","Morris & Point Breeze","P733871 041224","MMT041024",2024-04-10,7,"Duplicate",2024-04-03 11:55:00,2024-04-10 11:51:00,0.338,"REG",0.48,"REG",0.107,"REG",0.934,"REG",1.859,"REG",0.773,"REG",0.161,"REG",0.057,"REG",0.221,"REG",0.118,"REG",0.152,"REG",0.117,"REG",0.044,"REG",0.018,"REG",0.032,"REG",0.036,"LOD",0.035,"LOD",0.034,"REG",0.085,"REG",0.091,"REG",0.027,"LOD",0.04,"REG",0.101,"REG",0.064,"REG","0.17799999999999999","REG","5.0000000000000001E-3","ND","3.0000000000000001E-3","ND","0.95899999999999996","REG","0.32400000000000001","REG","3.9E-2","REG","4.2999999999999997E-2","LOD","2.8000000000000001E-2","REG","0.27800000000000002","REG","0.214","REG","0.26100000000000001","REG","0.06","REG","8.9999999999999993E-3","REG","2E-3","ND","3.7999999999999999E-2","REG","6.0000000000000001E-3","LOD","stationary","39.93094655"," -75.1829941","#bcbd21",NA,"152024",1,45
"47","24th & Ritner","P726601 101223","MMT101223",2023-10-11,8,"Duplicate",2023-09-27 10:42:00,2023-10-04 10:42:00,0.414,"REG",0.576,"REG",0.143,"REG",1.2,"REG",2.333,"REG",0.991,"REG",0.209,"REG",0.09,"REG",0.437,"REG",0.218,"REG",0.277,"REG",0.21,"REG",0.17,"REG",0.018,"REG",0.08,"REG",0.048,"LOD",0.087,"REG",0.041,"REG",0.145,"REG",0.107,"REG",0.034,"LOD",0.026,"REG",0.146,"REG",0.05,"LOD","0.21299999999999999","ULOD","1.9E-2","REG","2.8000000000000001E-2","REG","2.1160000000000001","REG","0.77300000000000002","REG","7.0000000000000001E-3","ND","0.155","REG","4.5999999999999999E-2","REG","0.52","REG","0.25700000000000001","REG","0.70899999999999996","REG","0.36099999999999999","REG","1.4999999999999999E-2","REG","2E-3","ND","4.1000000000000002E-2","REG","0.03","REG","stationary","39.92296389"," -75.186874","#1f77b4","Summer","402023",1,46
"48","26th & Hartranft","P733878 022924","MMT022824",2024-02-28,9,"Sample",2024-02-14 10:22:00,2024-02-21 10:27:00,0.53,"REG",0.393,"REG",0.113,"REG",0.733,"REG",1.769,"REG",0.614,"REG",0.119,"REG",0.09,"REG",0.341,"REG",0.191,"REG",0.238,"REG",0.291,"REG",0.093,"REG",0.013,"REG",0.104,"REG",0.06,"REG",0.056,"REG",0.034,"REG",0.127,"REG",0.099,"REG",0.027,"LOD",0.006,"ND",0.224,"REG",0.128,"REG","0.13100000000000001","REG","1.2E-2","LOD","3.0000000000000001E-3","ND","2.2850000000000001","REG","0.98599999999999999","REG","5.6000000000000001E-2","REG","0.14199999999999999","REG","3.5000000000000003E-2","REG","0.496","REG","0.28499999999999998","REG","0.84499999999999997","REG","0.3","REG","0","ND","2E-3","ND","8.9999999999999993E-3","ND","3.5999999999999997E-2","REG","stationary","39.91327125"," -75.1922011","#2ba02b","Winter","82024",1,44
"49","26th & Hartranft","P733879 030124","MMT022824",2024-02-28,9,"Duplicate",2024-02-14 10:22:00,2024-02-21 10:27:00,0.592,"REG",0.452,"REG",0.128,"REG",0.853,"REG",2.025,"REG",0.713,"REG",0.14,"REG",0.099,"REG",0.374,"REG",0.218,"REG",0.263,"REG",0.326,"REG",0.126,"REG",0.013,"REG",0.208,"REG",0.066,"REG",0.066,"REG",0.041,"REG",0.161,"REG",0.116,"REG",0.031,"LOD",0.006,"ND",0.297,"REG",0.149,"REG","0.14299999999999999","REG","1.7999999999999999E-2","REG","3.0000000000000001E-3","ND","2.21","REG","0.95599999999999996","REG","0.10199999999999999","REG","0.14499999999999999","REG","3.5000000000000003E-2","REG","0.55600000000000005","REG","0.27100000000000002","REG","0.90700000000000003","REG","0.34300000000000003","REG","8.9999999999999993E-3","REG","2E-3","ND","8.9999999999999993E-3","ND","1.7999999999999999E-2","LOD","stationary","39.91327125"," -75.1922011","#2ba02b","Winter","82024",1,44
"50","25th & Point Breeze","P726618 060724","MMT060624",2024-06-05,6,"Sample",2024-05-29 13:49:00,2024-06-05 13:55:00,0.169,"REG",0.369,"REG",0.093,"REG",0.844,"REG",1.475,"REG",0.709,"REG",0.135,"REG",0.038,"REG",0.106,"REG",0.099,"REG",0.094,"REG",0.07,"LOD",0.039,"REG",0.026,"REG",0.052,"REG",0.018,"LOD",0.038,"LOD",0.019,"LOD",0.038,"LOD",0.048,"REG",0.017,"LOD",0.046,"REG",0.057,"LOD",0.021,"LOD","8.1000000000000003E-2","REG","7.0000000000000001E-3","LOD","6.8000000000000005E-2","REG","0.69899999999999995","REG","0.253","REG","3.3000000000000002E-2","REG","4.9000000000000002E-2","REG","1.9E-2","REG","0.20599999999999999","REG","0.14299999999999999","REG","0.20899999999999999","REG","4.2000000000000003E-2","LOD","8.0000000000000002E-3","REG","2E-3","ND","2.1999999999999999E-2","LOD","8.9999999999999993E-3","LOD","stationary","39.92771763"," -75.1873965","#ff7f0f",NA,"232024",1,47
"51","25th & Point Breeze","P726619 060724","MMT060624",2024-06-05,6,"Duplicate",2024-05-29 13:49:00,2024-06-05 13:55:00,0.169,"REG",0.361,"REG",0.088,"REG",0.796,"REG",1.414,"REG",0.666,"REG",0.13,"REG",0.038,"REG",0.106,"REG",0.093,"REG",0.087,"REG",0.07,"LOD",0.026,"REG",0.022,"REG",0.029,"REG",0.018,"LOD",0.035,"LOD",0.019,"LOD",0.034,"LOD",0.048,"REG",0.017,"LOD",0.029,"REG",0.044,"LOD",0.016,"LOD","9.0999999999999998E-2","REG","7.0000000000000001E-3","LOD","6.5000000000000002E-2","REG","0.69899999999999995","REG","0.26400000000000001","REG","2.1999999999999999E-2","REG","4.5999999999999999E-2","REG","1.9E-2","REG","0.193","REG","0.14299999999999999","REG","0.20899999999999999","REG","3.5999999999999997E-2","LOD","8.0000000000000002E-3","REG","2E-3","ND","1.9E-2","LOD","8.9999999999999993E-3","LOD","stationary","39.92771763"," -75.1873965","#ff7f0f",NA,"232024",1,47
"52","24th & Ritner","P733897 020824","MMT020724",2024-01-31,8,"Sample",2024-01-24 10:22:00,2024-01-31 10:41:00,0.43,"REG",0.582,"REG",0.152,"REG",1.215,"REG",2.379,"REG",1.002,"REG",0.213,"REG",0.052,"REG",0.354,"REG",0.204,"REG",0.206,"REG",0.127,"REG",0.076,"REG",0.026,"REG",0.076,"REG",0.048,"LOD",0.108,"REG",0.037,"REG",0.093,"REG",0.099,"REG",0.041,"REG",0.025,"REG",0.072,"LOD",0.026,"LOD","0.14199999999999999","REG","1.2999999999999999E-2","LOD","3.0000000000000001E-3","ND","1.1519999999999999","REG","0.47699999999999998","REG","8.7999999999999995E-2","REG","5.7000000000000002E-2","REG","4.2000000000000003E-2","REG","0.39400000000000002","REG","0.34200000000000003","REG","0.216","REG","0.06","REG","8.9999999999999993E-3","REG","2E-3","ND","4.1000000000000002E-2","REG","2.1000000000000001E-2","LOD","stationary","39.92296389"," -75.186874","#1f77b4","Winter","52024",1,46
"53","24th & Ritner","P733898 020824","MMT020724",2024-01-31,8,"Duplicate",2024-01-24 10:22:00,2024-01-31 10:41:00,0.498,"REG",0.692,"REG",0.137,"REG",1.067,"REG",2.394,"REG",0.875,"REG",0.192,"REG",0.066,"REG",0.486,"REG",0.231,"REG",0.25,"REG",0.139,"REG",0.055,"REG",0.022,"REG",0.057,"REG",0.048,"LOD",0.104,"REG",0.034,"REG",0.093,"REG",0.099,"REG",0.041,"REG",0.025,"REG",0.072,"LOD",0.026,"LOD","0.16300000000000001","REG","0.02","REG","1E-3","LOD","1.228","REG","0.48699999999999999","REG","0.11","REG","5.7000000000000002E-2","REG","4.2000000000000003E-2","REG","0.45400000000000001","REG","0.35599999999999998","REG","0.23699999999999999","REG","0.06","REG","0","ND","2E-3","ND","4.1000000000000002E-2","REG","2.1000000000000001E-2","LOD","stationary","39.92296389"," -75.186874","#1f77b4","Winter","52024",1,46
"54","25th & Point Breeze","P733860 030124","MMT022824",2024-02-14,6,"Sample",2024-02-21 10:00:00,2024-02-28 10:21:00,0.393,"REG",0.452,"REG",0.088,"REG",0.728,"REG",1.661,"REG",0.599,"REG",0.129,"REG",0.066,"REG",0.235,"REG",0.125,"REG",0.167,"REG",0.092,"REG",0.101,"REG",0.018,"REG",0.208,"REG",0.024,"LOD",0.049,"REG",0.022,"LOD",0.059,"REG",0.058,"REG",0.02,"LOD",0.02,"REG",0.059,"LOD",0.015,"LOD","7.3999999999999996E-2","REG","5.0000000000000001E-3","ND","3.0000000000000001E-3","ND","0.96199999999999997","REG","0.32500000000000001","REG","4.4999999999999998E-2","REG","4.9000000000000002E-2","REG","3.5000000000000003E-2","REG","0.27800000000000002","REG","0.22800000000000001","REG","0.16600000000000001","REG","4.2000000000000003E-2","LOD","0","ND","2E-3","ND","2.5999999999999999E-2","LOD","1.2E-2","LOD","stationary","39.92771763"," -75.1873965","#ff7f0f",NA,"92024",1,47
"55","25th & Point Breeze","P733864 022924","MMT022824",2024-02-28,6,"Duplicate",2024-02-21 10:00:00,2024-02-28 10:21:00,0.405,"REG",0.477,"REG",0.093,"REG",0.768,"REG",1.743,"REG",0.634,"REG",0.134,"REG",0.08,"REG",0.248,"REG",0.132,"REG",0.154,"REG",0.092,"REG",0.035,"REG",0.018,"REG",0.024,"REG",0.024,"LOD",0.052,"REG",0.026,"LOD",0.05,"REG",0.058,"REG",0.02,"LOD",0.02,"REG",0.052,"LOD",0.021,"LOD","7.0000000000000007E-2","REG","5.0000000000000001E-3","ND","3.0000000000000001E-3","ND","1.0369999999999999","REG","0.36599999999999999","REG","3.3000000000000002E-2","REG","4.9000000000000002E-2","REG","3.5000000000000003E-2","REG","0.28999999999999998","REG","0.24199999999999999","REG","0.17699999999999999","REG","4.2000000000000003E-2","LOD","0","ND","2E-3","ND","2.3E-2","LOD","1.4999999999999999E-2","LOD","stationary","39.92771763"," -75.1873965","#ff7f0f",NA,"92024",1,47
"56","61st & Passyunk","P726663 081023","MMT080923",2023-08-09,3,"Sample",2023-07-26 10:28:00,2023-08-02 10:53:00,0.282,"REG",0.729,"REG",0.173,"REG",1.291,"REG",2.475,"REG",1.01,"REG",0.281,"REG",0.066,"REG",0.363,"REG",0.231,"REG",0.232,"REG",0.194,"REG",0.082,"REG",0.013,"REG",0.082,"REG",0.054,"LOD",0.011,"ND",0.119,"REG",0.064,"REG",0.106,"REG",0.041,"REG",0.016,"LOD",0.092,"REG",0.044,"LOD","0.182","REG","2.5999999999999999E-2","REG","5.8999999999999997E-2","REG","1.909","REG","0.67","REG","0.08","REG","0.112","REG","2.8000000000000001E-2","REG","0.50700000000000001","REG","0.19900000000000001","REG","0.38500000000000001","REG","0.13200000000000001","REG","1.0999999999999999E-2","REG","2E-3","ND","5.2999999999999999E-2","REG","3.9E-2","REG","stationary","39.91820446"," -75.2085474","#8c564c",NA,"312023",1,46
"57","61st & Passyunk","P726665 081023","MMT080923",2023-08-09,3,"Duplicate",2023-07-26 10:28:00,2023-08-02 10:53:00,0.282,"REG",0.716,"REG",0.178,"REG",1.317,"REG",2.493,"REG",1.031,"REG",0.286,"REG",0.071,"REG",0.369,"REG",0.231,"REG",0.238,"REG",0.194,"REG",0.082,"REG",0.013,"REG",0.086,"REG",0.054,"LOD",0.121,"REG",0.048,"REG",0.069,"REG",0.122,"REG",0.044,"REG",0.016,"LOD",0.099,"REG",0.049,"LOD","0.157","REG","1.9E-2","REG","4.9000000000000002E-2","REG","1.89","REG","0.67","REG","7.0000000000000001E-3","ND","0.11899999999999999","REG","2.8000000000000001E-2","REG","0.48299999999999998","REG","0.214","REG","0.39600000000000002","REG","0.13200000000000001","REG","0","ND","2E-3","ND","5.2999999999999999E-2","REG","3.9E-2","REG","stationary","39.91820446"," -75.2085474","#8c564c",NA,"312023",1,46
"58","Essington & Mingo","P733849 112423","MMT112423",2023-11-22,2,"Duplicate",2023-11-08 09:41:00,2023-11-15 10:12:00,0.405,"REG",0.564,"REG",0.123,"REG",0.964,"REG",2.056,"REG",0.803,"REG",0.161,"REG",0.17,"REG",0.329,"REG",0.191,"REG",0.18,"REG",0.104,"REG",0.052,"REG",0.026,"REG",0.054,"REG",0.03,"LOD",0.056,"REG",0.026,"LOD",0.046,"LOD",0.057,"REG",0.02,"LOD",0.02,"LOD",0.053,"LOD",0.018,"LOD","0.21099999999999999","ULOD","2.4E-2","REG","3.0000000000000001E-3","ND","1.6950000000000001","REG","0.61899999999999999","REG","0.06","REG","6.3E-2","REG","3.5999999999999997E-2","REG","0.39800000000000002","REG","0.27","REG","0.25","REG","6.6000000000000003E-2","REG","1.0999999999999999E-2","REG","2E-3","ND","2.5999999999999999E-2","LOD","1.4999999999999999E-2","LOD","stationary","39.90131732"," -75.2250262","#7f7f7f",NA,"462023",1,44
"59","Essington & Mingo","P733899 112423","MMT112423",2023-11-22,2,"Sample",2023-11-08 09:41:00,2023-11-15 10:12:00,0.436,"REG",0.559,"REG",0.118,"REG",0.931,"REG",2.044,"REG",0.775,"REG",0.156,"REG",0.184,"REG",0.342,"REG",0.185,"REG",0.193,"REG",0.104,"REG",0.126,"REG",0.026,"REG",0.162,"REG",0.024,"LOD",0.056,"REG",0.019,"LOD",0.055,"REG",0.049,"REG",0.02,"LOD",0.02,"LOD",0.06,"LOD",0.023,"LOD","0.21099999999999999","ULOD","3.1E-2","REG","3.0000000000000001E-3","ND","1.639","REG","0.59799999999999998","REG","0.106","REG","6.3E-2","REG","3.5999999999999997E-2","REG","0.41","REG","0.27","REG","0.23899999999999999","REG","6.6000000000000003E-2","REG","0","ND","2E-3","ND","2.3E-2","LOD","1.4999999999999999E-2","LOD","stationary","39.90131732"," -75.2250262","#7f7f7f",NA,"462023",1,44
"60","24th & Ritner","P726615 031524","MMT031524",2024-03-13,8,"Sample",2024-02-28 10:33:00,2024-03-06 11:15:00,0.414,"REG",0.384,"REG",0.088,"REG",0.689,"REG",1.575,"REG",0.569,"REG",0.12,"REG",0.108,"REG",0.248,"REG",0.13,"REG",0.156,"REG",0.114,"REG",0.06,"REG",0.013,"REG",0.071,"REG",0.024,"LOD",0.052,"REG",0.022,"LOD",0.043,"LOD",0.057,"REG",0.02,"LOD",0.006,"ND",0.044,"LOD",0.023,"LOD","0.13900000000000001","ULOD","0.02","REG","3.0000000000000001E-3","ND","1.1100000000000001","REG","0.373","REG","6.4000000000000001E-2","REG","5.2999999999999999E-2","REG","2.7E-2","REG","0.30099999999999999","REG","0.25600000000000001","REG","0.26800000000000002","REG","0.06","REG","8.0000000000000002E-3","REG","2E-3","ND","2.1999999999999999E-2","LOD","1.2E-2","LOD","stationary","39.92296389"," -75.186874","#1f77b4",NA,"102024",1,46
"61","24th & Ritner","P726616 031524","MMT031524",2024-03-13,8,"Duplicate",2024-02-28 10:33:00,2024-03-06 11:15:00,0.408,"REG",0.388,"REG",0.088,"REG",0.701,"REG",1.585,"REG",0.576,"REG",0.125,"REG",0.113,"REG",0.248,"REG",0.13,"REG",0.156,"REG",0.102,"REG",0.093,"REG",0.013,"REG",0.269,"REG",0.024,"LOD",0.052,"REG",0.022,"LOD",0.087,"REG",0.057,"REG",0.02,"LOD",0.006,"ND",0.103,"REG",0.05,"LOD","0.13900000000000001","ULOD","0.02","REG","3.0000000000000001E-3","ND","1.129","REG","0.38300000000000001","REG","6.4000000000000001E-2","REG","4.9000000000000002E-2","REG","3.5999999999999997E-2","REG","0.30099999999999999","REG","0.27","REG","0.26800000000000002","REG","0.06","REG","8.0000000000000002E-3","REG","2E-3","ND","2.1999999999999999E-2","LOD","1.4999999999999999E-2","LOD","stationary","39.92296389"," -75.186874","#1f77b4",NA,"102024",1,46
"62","25th & Point Breeze","P733845 122123","MMT122023",2023-12-20,6,"Sample",2023-12-06 13:20:00,2023-12-13 14:19:00,0.491,"REG",0.836,"REG",0.176,"REG",1.453,"REG",2.956,"REG",1.2,"REG",0.253,"REG",0.207,"REG",0.512,"REG",0.533,"REG",0.327,"REG",0.174,"REG",0.081,"REG",0.018,"REG",0.132,"REG",0.048,"LOD",0.1,"REG",0.045,"REG",0.138,"REG",0.115,"REG",0.037,"REG",0.025,"REG",0.122,"REG",0.053,"LOD","0.14099999999999999","ULOD","0.03","REG","3.0000000000000001E-3","ND","2.72","REG","1.012","REG","8.4000000000000005E-2","REG","0.14099999999999999","REG","4.5999999999999999E-2","REG","1.07","REG","0.36899999999999999","REG","0.57099999999999995","REG","0.10199999999999999","REG","0","ND","2E-3","ND","4.9000000000000002E-2","REG","0.03","REG","stationary","39.92771763"," -75.1873965","#ff7f0f","Winter","502023",1,47
"63","25th & Point Breeze","P733854 122123","MMT122023",2023-12-20,6,"Duplicate",2023-12-06 13:20:00,2023-12-13 14:19:00,0.479,"REG",0.806,"REG",0.171,"REG",1.38,"REG",2.836,"REG",1.143,"REG",0.237,"REG",0.197,"REG",0.499,"REG",0.506,"REG",0.308,"REG",0.174,"REG",0.076,"REG",0.018,"REG",0.137,"REG",0.048,"LOD",0.093,"REG",0.041,"REG",0.133,"REG",0.107,"REG",0.037,"REG",0.025,"REG",0.122,"REG",0.048,"LOD","0.14099999999999999","ULOD","2.3E-2","REG","3.0000000000000001E-3","ND","2.6259999999999999","REG","0.98099999999999998","REG","7.2999999999999995E-2","REG","0.13100000000000001","REG","3.6999999999999998E-2","REG","1.01","REG","0.35499999999999998","REG","0.56100000000000005","REG","9.6000000000000002E-2","REG","0","ND","2E-3","ND","4.4999999999999998E-2","REG","2.7E-2","LOD","stationary","39.92771763"," -75.1873965","#ff7f0f","Winter","502023",1,47
"64","61st & Passyunk","P733847 052324","MMT052324",2024-05-22,3,"Sample",2024-05-08 12:37:00,2024-05-15 13:42:00,0.282,"REG",0.406,"REG",0.087,"REG",0.818,"REG",1.593,"REG",0.681,"REG",0.137,"REG",0.173,"REG",0.208,"REG",0.138,"REG",0.139,"REG",0.093,"REG",0.06,"REG",0.009,"REG",0.101,"REG",0.03,"LOD",0.059,"REG",0.03,"REG",0.051,"REG",0.073,"REG",0.02,"LOD",0.009,"LOD",0.069,"LOD",0.032,"LOD","0.14000000000000001","ULOD","1.2999999999999999E-2","LOD","3.0000000000000001E-3","ND","1.502","REG","0.58599999999999997","REG","2.5000000000000001E-2","REG","5.1999999999999998E-2","REG","2.5999999999999999E-2","REG","0.313","REG","0.36899999999999999","REG","0.34200000000000003","REG","7.8E-2","REG","8.9999999999999993E-3","REG","1.4E-2","REG","2.5999999999999999E-2","LOD","1.4999999999999999E-2","LOD","stationary","39.91820446"," -75.2085474","#8c564c",NA,"202024",1,46
"65","61st & Passyunk","P733848 052324","MMT052324",2024-05-22,3,"Duplicate",2024-05-08 12:37:00,2024-05-15 13:42:00,0.27,"REG",0.393,"REG",0.082,"REG",0.787,"REG",1.532,"REG",0.66,"REG",0.127,"REG",0.154,"REG",0.188,"REG",0.131,"REG",0.12,"REG",0.093,"REG",0.028,"REG",0.009,"REG",0.017,"REG",0.024,"LOD",0.055,"REG",0.03,"REG",0.047,"LOD",0.073,"REG",0.02,"LOD",0.009,"LOD",0.062,"LOD",0.027,"LOD","0.14000000000000001","ULOD","1.2999999999999999E-2","LOD","3.0000000000000001E-3","ND","1.427","REG","0.53600000000000003","REG","3.5999999999999997E-2","REG","5.1999999999999998E-2","REG","2.5999999999999999E-2","REG","0.30099999999999999","REG","0.35499999999999998","REG","0.33200000000000002","REG","7.8E-2","REG","0","ND","1.4E-2","REG","2.5999999999999999E-2","LOD","1.4999999999999999E-2","LOD","stationary","39.91820446"," -75.2085474","#8c564c",NA,"202024",1,46
"66","24th & Ritner","P733886 101223","MMT101223",2023-10-11,8,"Sample",2023-09-27 10:42:00,2023-10-04 11:48:00,0.392,"REG",0.547,"REG",0.137,"REG",1.144,"REG",2.22,"REG",0.942,"REG",0.202,"REG",0.066,"REG",0.375,"REG",0.203,"REG",0.263,"REG",0.209,"REG",0.103,"REG",0.018,"REG",0.112,"REG",0.042,"LOD",0.083,"REG",0.037,"REG",0.139,"REG",0.106,"REG",0.034,"LOD",0.026,"REG",0.145,"REG",0.05,"LOD","0.21099999999999999","ULOD","5.0000000000000001E-3","REG","3.0000000000000001E-3","ND","1.9339999999999999","REG","0.68700000000000006","REG","7.3999999999999996E-2","REG","0.14399999999999999","REG","3.6999999999999998E-2","REG","0.46899999999999997","REG","0.255","REG","0.67300000000000004","REG","0.33500000000000002","REG","0","ND","2E-3","ND","4.1000000000000002E-2","REG","2.7E-2","LOD","stationary","39.92296389"," -75.186874","#1f77b4","Summer","402023",1,46
"67","61st & Passyunk","P733867 112523","MMT112423",2023-11-22,3,"sample",2023-11-15 10:39:00,2023-11-22 11:45:00,0.607,"REG",1.438,"REG",0.329,"REG",2.746,"REG",5.12,"REG",2.258,"REG",0.488,"REG",0.164,"REG",0.926,"REG",0.552,"REG",0.542,"REG",0.474,"REG",0.183,"REG",0.035,"REG",0.152,"REG",0.09,"REG",0.183,"REG",0.074,"REG",0.108,"REG",0.196,"REG",0.065,"REG",0.02,"LOD",0.099,"REG",0.039,"LOD","0.21","ULOD","5.7000000000000002E-2","REG","3.0000000000000001E-3","ND","4.13","REG","1.506","REG","0.151","REG","0.2","REG","4.4999999999999998E-2","REG","1.1779999999999999","REG","0.24099999999999999","REG","0.996","REG","0.26900000000000002","REG","0","ND","2E-3","ND","7.4999999999999997E-2","REG","5.0999999999999997E-2","REG","stationary","39.91820446"," -75.2085474","#8c564c",NA,"472023",1,46
"68","61st & Passyunk","P733868 112523","MMT112423",2023-11-22,3,"duplicate",2023-11-15 10:39:00,2023-11-22 11:45:00,0.631,"REG",1.447,"REG",0.319,"REG",2.685,"REG",5.082,"REG",2.208,"REG",0.477,"REG",0.164,"REG",0.926,"REG",0.545,"REG",0.542,"REG",0.463,"REG",0.191,"REG",0.035,"REG",0.19,"REG",0.084,"REG",0.173,"REG",0.067,"REG",0.103,"REG",0.188,"REG",0.061,"REG",0.015,"LOD",0.086,"LOD",0.034,"LOD","0.21","ULOD","0.05","REG","0.01","LOD","4.093","REG","1.526","REG","0.13900000000000001","REG","0.20300000000000001","REG","3.5999999999999997E-2","REG","1.19","REG","0.255","REG","0.98599999999999999","REG","0.27500000000000002","REG","0","ND","2E-3","ND","7.0999999999999994E-2","REG","4.4999999999999998E-2","REG","stationary","39.91820446"," -75.2085474","#8c564c",NA,"472023",1,46
"69","28th & Point Breeze","P726650 042624","MMT042524",2024-04-24,5,"Sample",2024-04-10 11:38:00,2024-04-17 13:12:00,0.267,"REG",0.341,"REG",0.087,"REG",0.772,"REG",1.467,"REG",0.639,"REG",0.133,"REG",0.103,"REG",0.192,"REG",0.13,"REG",0.138,"REG",0.116,"REG",0.06,"REG",0.044,"REG",0.092,"REG",0.03,"LOD",0.052,"REG",0.026,"LOD",0.055,"REG",0.074,"REG",0.024,"LOD",0.012,"LOD",0.061,"LOD",0.027,"LOD","0.16600000000000001","REG","1.2999999999999999E-2","LOD","6.0000000000000001E-3","LOD","1.268","REG","0.49299999999999999","REG","8.3000000000000004E-2","REG","7.9000000000000001E-2","REG","2.8000000000000001E-2","REG","0.3","REG","0.311","REG","0.36199999999999999","REG","9.5000000000000001E-2","REG","8.9999999999999993E-3","REG","2E-3","ND","0.03","LOD","1.7999999999999999E-2","LOD","stationary","39.92624784"," -75.1923165","#9467bd",NA,"162024",1,47
"70","28th & Point Breeze","P726654 042624","MMT042524",2024-04-24,5,"Duplicate",2024-04-10 11:38:00,2024-04-17 13:12:00,0.267,"REG",0.346,"REG",0.092,"REG",0.779,"REG",1.484,"REG",0.646,"REG",0.133,"REG",0.108,"REG",0.199,"REG",0.137,"REG",0.132,"REG",0.104,"REG",0.044,"REG",0.039,"REG",0.041,"REG",0.03,"LOD",0.052,"REG",0.026,"LOD",0.055,"REG",0.074,"REG",0.02,"LOD",0.012,"LOD",0.054,"LOD",0.027,"LOD","0.191","REG","1.2999999999999999E-2","LOD","3.0000000000000001E-3","ND","1.25","REG","0.51300000000000001","REG","4.9000000000000002E-2","REG","7.1999999999999995E-2","REG","2.8000000000000001E-2","REG","0.312","REG","0.311","REG","0.36199999999999999","REG","9.5000000000000001E-2","REG","0","ND","2E-3","ND","2.5999999999999999E-2","LOD","1.7999999999999999E-2","LOD","stationary","39.92624784"," -75.1923165","#9467bd",NA,"162024",1,47
"71","28th & Point Breeze","P726644 062124","MMT061924",2024-06-19,5,"Duplicate",2024-06-12 09:29:00,2024-06-19 11:06:00,0.18,"REG",0.257,"REG",0.068,"REG",0.621,"REG",1.126,"REG",0.513,"REG",0.108,"REG",0.033,"REG",0.151,"REG",0.105,"REG",0.131,"REG",0.127,"REG",0.067,"REG",0.009,"REG",0.108,"REG",0.03,"LOD",0.048,"REG",0.026,"LOD",0.072,"REG",0.081,"REG",0.024,"LOD",0.029,"REG",0.102,"REG",0.053,"LOD","6.0999999999999999E-2","REG","1.2999999999999999E-2","LOD","5.0999999999999997E-2","REG","0.78600000000000003","REG","0.29199999999999998","REG","7.8E-2","REG","4.2999999999999997E-2","LOD","1.7999999999999999E-2","REG","0.26400000000000001","REG","0.184","REG","0.40300000000000002","REG","9.5000000000000001E-2","REG","8.0000000000000002E-3","REG","2E-3","ND","3.3000000000000002E-2","LOD","1.7999999999999999E-2","LOD","stationary","39.92624784"," -75.1923165","#9467bd",NA,"252024",1,47
"72","28th & Point Breeze","P726601 062124","MMT061924",2024-06-19,5,"Sample",2024-06-12 09:28:00,2024-06-19 11:06:00,0.156,"REG",0.244,"REG",0.068,"REG",0.614,"REG",1.082,"REG",0.506,"REG",0.108,"REG",0.028,"REG",0.145,"REG",0.105,"REG",0.125,"REG",0.116,"REG",0.055,"REG",0.009,"REG",0.066,"REG",0.03,"LOD",0.048,"REG",0.022,"LOD",0.067,"REG",0.081,"REG",0.024,"LOD",0.023,"REG",0.096,"REG",0.048,"LOD","5.8999999999999997E-2","REG","7.0000000000000001E-3","LOD","4.4999999999999998E-2","REG","0.749","REG","0.27100000000000002","REG","6.0000000000000001E-3","ND","4.5999999999999999E-2","REG","1.7999999999999999E-2","REG","0.252","REG","0.184","REG","0.38300000000000001","REG","8.8999999999999996E-2","REG","8.0000000000000002E-3","REG","2E-3","ND","0.03","LOD","1.7999999999999999E-2","LOD","stationary","39.92624784"," -75.1923165","#9467bd",NA,"252024",1,47
"73","Bartram’s Garden","P726604 051124","MMT050724",2024-05-09,1,"Duplicate",2024-04-24 07:45:00,2024-05-01 09:29:00,0.257,"REG",0.379,"REG",0.086,"REG",0.714,"REG",1.436,"REG",0.587,"REG",0.127,"REG",0.046,"REG",0.207,"REG",0.105,"REG",0.144,"REG",0.081,"REG",0.048,"REG",0.013,"REG",0.05,"REG",0.024,"LOD",0.048,"REG",0.026,"LOD",0.07,"REG",0.065,"REG",0.02,"LOD",0.02,"REG",0.075,"LOD",0.032,"LOD","0.187","REG","5.0000000000000001E-3","ND","3.0000000000000001E-3","ND","1.286","REG","0.19","REG","4.9000000000000002E-2","REG","7.1999999999999995E-2","REG","2.8000000000000001E-2","REG","0.23899999999999999","REG","0.32500000000000001","REG","0.25800000000000001","REG","4.8000000000000001E-2","LOD","8.9999999999999993E-3","REG","2E-3","ND","2.5999999999999999E-2","LOD","1.4999999999999999E-2","LOD","stationary","39.92896"," -75.212541","#e377c3",NA,"182024",1,47
"74","Bartram’s Garden","P726605 051124","MMT050724",2024-05-09,1,"Sample",2024-04-24 07:45:00,2024-05-01 09:29:00,0.269,"REG",0.412,"REG",0.091,"REG",0.761,"REG",1.533,"REG",0.629,"REG",0.132,"REG",0.046,"REG",0.213,"REG",0.111,"REG",0.163,"REG",0.104,"REG",0.085,"REG",0.013,"REG",0.129,"REG",0.03,"LOD",0.052,"REG",0.03,"REG",0.085,"REG",0.065,"REG",0.02,"LOD",0.02,"REG",0.088,"REG",0.032,"LOD","0.18","REG","7.0000000000000001E-3","LOD","3.0000000000000001E-3","ND","1.3420000000000001","REG","0.19","REG","4.9000000000000002E-2","REG","8.2000000000000003E-2","REG","2.8000000000000001E-2","REG","0.251","REG","0.33900000000000002","REG","0.25800000000000001","REG","4.8000000000000001E-2","LOD","8.9999999999999993E-3","REG","2E-3","ND","2.5999999999999999E-2","LOD","1.7999999999999999E-2","LOD","stationary","39.92896"," -75.212541","#e377c3",NA,"182024",1,47
"75","24th & Ritner","P726602 021524","MMT021524",2024-02-14,8,"Sample",2024-01-31 10:41:00,2024-02-07 12:29:00,0.678,"REG",0.627,"REG",0.121,"REG",0.9,"REG",2.326,"REG",0.741,"REG",0.159,"REG",0.22,"REG",0.41,"REG",0.189,"REG",0.254,"REG",0.103,"REG",0.071,"REG",0.026,"REG",0.07,"REG",0.03,"LOD",0.052,"REG",0.033,"REG",0.083,"REG",0.074,"REG",0.02,"LOD",0.009,"LOD",0.11,"REG",0.042,"LOD","0.21299999999999999","ULOD","1.2E-2","LOD","3.0000000000000001E-3","ND","1.6080000000000001","REG","0.66400000000000003","REG","6.0000000000000001E-3","ND","7.4999999999999997E-2","REG","4.3999999999999997E-2","REG","0.41899999999999998","REG","0.42399999999999999","REG","0.44400000000000001","REG","5.8999999999999997E-2","REG","8.9999999999999993E-3","REG","2E-3","ND","2.1999999999999999E-2","LOD","1.7999999999999999E-2","LOD","stationary","39.92296389"," -75.186874","#1f77b4","Winter","62024",1,46
"76","24th & Ritner","P726604 021524","MMT021524",2024-02-14,8,"Duplicate",2024-01-31 10:41:00,2024-02-07 12:29:00,0.659,"REG",0.619,"REG",0.121,"REG",0.874,"REG",2.273,"REG",0.72,"REG",0.154,"REG",0.243,"REG",0.416,"REG",0.183,"REG",0.235,"REG",0.115,"REG",0.035,"REG",0.026,"REG",0.019,"REG",0.024,"LOD",0.048,"REG",0.026,"LOD",0.073,"REG",0.074,"REG",0.02,"LOD",0.009,"LOD",0.097,"REG",0.031,"LOD","0.21299999999999999","ULOD","5.0000000000000001E-3","ND","3.0000000000000001E-3","ND","1.589","REG","0.65400000000000003","REG","6.0000000000000001E-3","ND","7.1999999999999995E-2","REG","4.3999999999999997E-2","REG","0.40699999999999997","REG","0.41","REG","0.433","REG","5.8999999999999997E-2","REG","7.0000000000000001E-3","REG","2E-3","ND","2.1999999999999999E-2","LOD","1.7999999999999999E-2","LOD","stationary","39.92296389"," -75.186874","#1f77b4","Winter","62024",1,46
"77","28th & Point Breeze","P733859 082423","MMT082323",2023-08-23,5,"Sample",2023-08-09 10:47:00,2023-08-16 12:47:00,0.196,"REG",0.381,"REG",0.099,"REG",0.675,"REG",1.351,"REG",0.531,"REG",0.144,"REG",0.039,"REG",0.168,"REG",0.123,"REG",0.162,"REG",0.161,"REG",0.077,"REG",0.014,"REG",0.104,"REG",0.039,"REG",0.071,"REG",0.028,"REG",0.082,"REG",0.078,"REG",0.029,"REG",0.021,"REG",0.025,"ND",0.094,"REG","6.4000000000000001E-2","REG","8.9999999999999993E-3","LOD","5.0999999999999997E-2","REG","0.79500000000000004","REG","0.30099999999999999","REG","4.2000000000000003E-2","REG","6.6000000000000003E-2","REG","0.03","REG","0.28799999999999998","REG","0.16500000000000001","REG","0.38900000000000001","REG","0.12","REG","0","ND","2E-3","ND","3.4000000000000002E-2","REG","7.0000000000000001E-3","ND","stationary","39.92624784"," -75.1923165","#9467bd","Summer","332023",1,47
"78","28th & Point Breeze","P733860 082423","MMT082323",2023-08-23,5,"Duplicate",2023-08-09 10:47:00,2023-08-16 12:47:00,0.324,"REG",0.622,"REG",0.14,"REG",1.158,"REG",2.244,"REG",0.9,"REG",0.258,"LOD",0.134,"REG",0.274,"REG",0.187,"LOD",0.261,"REG",0.244,"LOD",0.13,"LOD",0.031,"REG",0.164,"LOD",0.085,"LOD",0.122,"LOD",0.052,"LOD",0.129,"LOD",0.115,"LOD",0.048,"LOD",0.039,"LOD",0.174,"LOD",0.142,"LOD","0.157","REG","5.0000000000000001E-3","ND","0.09","LOD","1.73","REG","0.64700000000000002","REG","6.4000000000000001E-2","LOD","0.14000000000000001","LOD","6.6000000000000003E-2","REG","0.51300000000000001","LOD","0.40300000000000002","REG","0.66400000000000003","REG","0.21199999999999999","LOD","0","ND","2E-3","ND","5.2999999999999999E-2","LOD","4.2999999999999997E-2","LOD","stationary","39.92624784"," -75.1923165","#9467bd","Summer","332023",1,47
"79","28th & Point Breeze","P726643 120923","MMT120723",2023-12-07,5,"Sample",2023-11-29 10:28:00,2023-12-06 12:36:00,0.525,"REG",0.759,"REG",0.17,"REG",1.386,"REG",2.84,"REG",1.15,"REG",0.236,"REG",0.084,"REG",0.502,"REG",0.268,"REG",0.312,"REG",0.207,"REG",0.109,"REG",0.044,"REG",0.168,"REG",0.053,"LOD",0.096,"REG",0.041,"REG",0.132,"REG",0.122,"REG",0.037,"REG",0.02,"LOD",0.127,"REG",0.058,"REG","0.21099999999999999","ULOD","2.3E-2","REG","3.0000000000000001E-3","ND","2.3849999999999998","REG","0.83399999999999996","REG","8.3000000000000004E-2","REG","9.5000000000000001E-2","REG","4.5999999999999999E-2","REG","0.59699999999999998","REG","0.254","REG","0.51600000000000001","REG","0.10100000000000001","REG","0","ND","2E-3","ND","4.8000000000000001E-2","REG","0.03","REG","stationary","39.92624784"," -75.1923165","#9467bd",NA,"492023",1,47
"80","28th & Point Breeze","P726644 120923","MMT120723",2023-12-07,5,"Duplicate",2023-11-29 10:28:00,2023-12-06 12:36:00,0.531,"REG",0.742,"REG",0.165,"REG",1.338,"REG",2.776,"REG",1.108,"REG",0.23,"REG",0.079,"REG",0.496,"REG",0.261,"REG",0.3,"REG",0.207,"REG",0.104,"REG",0.044,"REG",0.178,"REG",0.053,"LOD",0.093,"REG",0.048,"REG",0.132,"REG",0.114,"REG",0.034,"LOD",0.02,"LOD",0.134,"REG",0.053,"LOD","0.21099999999999999","ULOD","0.03","REG","0.01","LOD","2.3290000000000002","REG","0.81399999999999995","REG","0.11700000000000001","REG","8.7999999999999995E-2","REG","4.5999999999999999E-2","REG","0.56100000000000005","REG","0.254","REG","0.505","REG","9.5000000000000001E-2","REG","1.0999999999999999E-2","REG","2E-3","ND","4.4999999999999998E-2","REG","0.03","REG","stationary","39.92624784"," -75.1923165","#9467bd",NA,"492023",1,47
"81","Bartram’s Garden","P726618 051224","MMT050724",2024-05-09,1,"Sample",2024-05-01 09:29:00,2024-05-08 12:10:00,0.286,"REG",0.402,"REG",0.081,"REG",0.71,"REG",1.479,"REG",0.584,"REG",0.126,"REG",0.041,"REG",0.147,"REG",0.085,"REG",0.106,"REG",0.069,"LOD",0.039,"REG",0.017,"REG",0.045,"REG",0.024,"LOD",0.041,"LOD",0.022,"LOD",0.046,"LOD",0.048,"REG",0.02,"LOD",0.03,"REG",0.055,"LOD",0.021,"LOD","9.9000000000000005E-2","REG","6.0000000000000001E-3","LOD","3.0000000000000001E-3","ND","0.94899999999999995","REG","0.14000000000000001","REG","2.5000000000000001E-2","REG","4.9000000000000002E-2","REG","2.5999999999999999E-2","REG","0.191","REG","0.32300000000000001","REG","0.17499999999999999","REG","3.5999999999999997E-2","LOD","0","ND","2E-3","ND","2.1999999999999999E-2","LOD","1.2E-2","LOD","stationary","39.92896"," -75.212541","#e377c3",NA,"192024",1,47
"82","Bartram’s Garden","P726619 051224","MMT050724",2024-05-09,1,"Duplicate",2024-05-01 09:29:00,2024-05-08 12:10:00,0.28,"REG",0.414,"REG",0.086,"REG",0.729,"REG",1.509,"REG",0.598,"REG",0.131,"REG",0.046,"REG",0.147,"REG",0.085,"REG",0.112,"REG",0.069,"LOD",0.052,"REG",0.017,"REG",0.073,"REG",0.024,"LOD",0.045,"REG",0.022,"LOD",0.051,"REG",0.056,"REG",0.02,"LOD",0.03,"REG",0.055,"LOD",0.021,"LOD","9.7000000000000003E-2","REG","6.0000000000000001E-3","LOD","2.5999999999999999E-2","REG","0.93","REG","0.14000000000000001","REG","2.5000000000000001E-2","REG","5.8000000000000003E-2","REG","2.5999999999999999E-2","REG","0.20200000000000001","REG","0.35099999999999998","REG","0.17499999999999999","REG","3.5999999999999997E-2","LOD","0","ND","2E-3","ND","2.5999999999999999E-2","LOD","3.0000000000000001E-3","LOD","stationary","39.92896"," -75.212541","#e377c3",NA,"192024",1,47
"83","26th & Hartranft","P726605 060724","MMT060624",2024-06-05,9,"Duplicate",2024-05-22 10:32:00,2024-05-29 14:20:00,0.233,"REG",0.365,"REG",0.087,"REG",0.761,"REG",1.446,"REG",0.624,"REG",0.137,"REG",0.046,"REG",0.143,"REG",0.129,"REG",0.142,"REG",0.16,"REG",0.087,"REG",0.013,"REG",0.139,"REG",0.053,"LOD",0.078,"REG",0.036,"REG",0.227,"REG",0.104,"REG",0.04,"REG",0.029,"REG",0.489,"REG",0.336,"REG","0.113","REG","5.0000000000000001E-3","ND","1.9E-2","REG","1.2010000000000001","REG","0.47799999999999998","REG","2.5000000000000001E-2","REG","0.17799999999999999","REG","1.6E-2","REG","0.308","REG","0.154","REG","0.60199999999999998","REG","0.35299999999999998","REG","1.0999999999999999E-2","REG","2E-3","ND","4.3999999999999997E-2","REG","4.7E-2","REG","stationary","39.91327125"," -75.1922011","#2ba02b",NA,"222024",1,44
"84","Bartram’s Garden","P726603 110923","MMT110823",2023-11-08,1,"Sample",2023-10-25 08:34:00,2023-11-01 12:24:00,0.289,"REG",0.716,"REG",0.106,"REG",0.786,"REG",1.897,"REG",0.643,"REG",0.143,"REG",0.125,"REG",0.252,"REG",0.122,"REG",0.152,"REG",0.103,"REG",0.142,"REG",0.026,"REG",0.272,"REG",0.029,"LOD",0.054,"REG",0.026,"LOD",0.075,"REG",0.056,"REG",0.02,"LOD",0.037,"REG",0.058,"LOD",0.023,"LOD","0.13500000000000001","REG","5.0000000000000001E-3","ND","3.0000000000000001E-3","ND","1.0720000000000001","REG","0.36799999999999999","REG","3.9E-2","REG","4.8000000000000001E-2","REG","3.5999999999999997E-2","REG","0.27200000000000002","REG","0.27900000000000003","REG","0.193","REG","5.2999999999999999E-2","REG","0","ND","2E-3","ND","2.1999999999999999E-2","LOD","7.0000000000000001E-3","ND","stationary","39.92896"," -75.212541","#e377c3","Summer","442023",1,47
"85","Bartram’s Garden","P726604 110923","MMT110823",2023-11-08,1,"Duplicate",2023-10-25 08:34:00,2023-11-01 12:24:00,0.277,"REG",0.687,"REG",0.101,"REG",0.76,"REG",1.825,"REG",0.622,"REG",0.138,"REG",0.129,"REG",0.246,"REG",0.116,"REG",0.14,"REG",0.091,"REG",0.029,"REG",0.026,"REG",0.009,"REG",0.024,"LOD",0.051,"REG",0.022,"LOD",0.047,"LOD",0.056,"REG",0.02,"LOD",0.031,"REG",0.039,"LOD",0.017,"LOD","0.13800000000000001","ULOD","5.0000000000000001E-3","ND","3.0000000000000001E-3","ND","1.016","REG","0.34799999999999998","REG","3.9E-2","REG","4.2000000000000003E-2","LOD","3.5999999999999997E-2","REG","0.26","REG","0.26500000000000001","REG","0.183","REG","4.7E-2","LOD","0","ND","2E-3","ND","2.1999999999999999E-2","LOD","1.2E-2","LOD","stationary","39.92896"," -75.212541","#e377c3","Summer","442023",1,47
"86","26th & Hartranft","P733845 060624","MMT060624",2024-06-05,9,"Sample",2024-05-22 10:03:00,2024-05-29 14:08:00,0.238,"REG",0.352,"REG",0.082,"REG",0.709,"REG",1.381,"REG",0.582,"REG",0.127,"REG",0.046,"REG",0.143,"REG",0.129,"REG",0.142,"REG",0.148,"REG",0.074,"REG",0.013,"REG",0.129,"REG",0.047,"LOD",0.075,"REG",0.036,"REG",0.217,"REG",0.096,"REG",0.04,"REG",0.098,"REG",0.495,"REG",0.33,"REG","0.10100000000000001","REG","5.0000000000000001E-3","ND","2.5000000000000001E-2","REG","1.1619999999999999","REG","0.47699999999999998","REG","3.5999999999999997E-2","REG","0.184","REG","1.6E-2","REG","0.28299999999999997","REG","0.153","REG","0.57099999999999995","REG","0.33500000000000002","REG","0","ND","2E-3","ND","4.3999999999999997E-2","REG","4.3999999999999997E-2","REG","stationary","39.91327125"," -75.1922011","#2ba02b",NA,"222024",1,44
"87","Morris & Point Breeze","P726665 040224","MMT032824",2024-04-01,7,"Sample",2024-03-13 09:45:00,2024-03-20 14:46:00,0.428,"REG",0.662,"REG",0.144,"REG",1.209,"REG",2.443,"REG",1.016,"REG",0.193,"REG",0.216,"REG",0.409,"REG",0.23,"REG",0.233,"REG",0.213,"REG",0.075,"REG",0.021,"REG",0.088,"REG",0.047,"LOD",0.088,"REG",0.036,"REG",0.085,"REG",0.104,"REG",0.033,"LOD",0.038,"REG",0.107,"REG",0.054,"REG","0.20499999999999999","ULOD","5.0000000000000001E-3","ND","3.0000000000000001E-3","ND","2.8439999999999999","REG","1.0649999999999999","REG","5.0999999999999997E-2","REG","0.125","REG","2.5999999999999999E-2","REG","0.52900000000000003","REG","0.31900000000000001","REG","0.56599999999999995","REG","9.9000000000000005E-2","REG","8.0000000000000002E-3","REG","2E-3","ND","0.04","REG","2.9000000000000001E-2","REG","stationary","39.93094655"," -75.1829941","#bcbd21",NA,"122024",1,45
"88","Morris & Point Breeze","P733892 040224","MMT032824",2024-04-01,7,"Duplicate",2024-03-13 09:45:00,2024-03-20 14:46:00,0.428,"REG",0.797,"REG",0.144,"REG",1.22,"REG",2.589,"REG",1.022,"REG",0.198,"REG",0.239,"REG",0.403,"REG",0.236,"REG",0.252,"REG",0.202,"REG",0.087,"REG",0.026,"REG",0.111,"REG",0.047,"LOD",0.091,"REG",0.036,"REG",0.132,"REG",0.112,"REG",0.009,"ND",0.027,"REG",0.127,"REG",0.059,"REG","0.20499999999999999","ULOD","5.0000000000000001E-3","ND","3.0000000000000001E-3","ND","2.899","REG","1.1140000000000001","REG","5.0999999999999997E-2","REG","0.13800000000000001","REG","3.5000000000000003E-2","REG","0.55200000000000005","REG","0.36","REG","0.58599999999999997","REG","9.9000000000000005E-2","REG","0.01","REG","2E-3","ND","0.04","REG","2.9000000000000001E-2","REG","stationary","39.93094655"," -75.1829941","#bcbd21",NA,"122024",1,45
"89","24th & Ritner","P733865 012524","MMT012324",2024-01-24,8,"Sample",2024-01-10 12:44:00,2024-01-17 17:57:00,0.52,"REG",0.411,"REG",0.096,"REG",0.668,"REG",1.695,"REG",0.546,"REG",0.122,"REG",0.293,"REG",0.315,"REG",0.157,"REG",0.168,"REG",0.085,"REG",0.077,"REG",0.012,"REG",0.116,"REG",0.023,"LOD",0.05,"REG",0.018,"LOD",0.052,"REG",0.047,"REG",0.02,"LOD",0.014,"LOD",0.049,"LOD",0.018,"LOD","0.14299999999999999","ULOD","1.9E-2","REG","3.0000000000000001E-3","ND","1.5780000000000001","REG","0.55300000000000005","REG","8.5000000000000006E-2","REG","5.1999999999999998E-2","REG","3.1E-2","REG","0.34699999999999998","REG","0.36","REG","0.30099999999999999","REG","6.4000000000000001E-2","REG","0","ND","2E-3","ND","2.1999999999999999E-2","LOD","1.4999999999999999E-2","LOD","stationary","39.92296389"," -75.186874","#1f77b4","Winter","32024",1,46
"90","24th & Ritner","P733866 012524","MMT012324",2024-01-24,8,"Duplicate",2024-01-10 12:44:00,2024-01-17 17:57:00,0.436,"REG",0.407,"REG",0.091,"REG",0.636,"REG",1.57,"REG",0.519,"REG",0.117,"REG",0.307,"REG",0.302,"REG",0.157,"REG",0.149,"REG",0.108,"REG",0.121,"REG",0.012,"REG",0.235,"REG",0.023,"LOD",0.05,"REG",0.021,"LOD",0.056,"REG",0.047,"REG",0.017,"LOD",0.014,"LOD",0.043,"LOD",0.018,"LOD","0.14299999999999999","ULOD","1.9E-2","REG","3.0000000000000001E-3","ND","1.5409999999999999","REG","0.52300000000000002","REG","5.1999999999999998E-2","REG","5.1999999999999998E-2","REG","3.1E-2","REG","0.34699999999999998","REG","0.36","REG","0.30099999999999999","REG","7.0000000000000007E-2","REG","0","ND","2E-3","ND","2.1999999999999999E-2","LOD","3.0000000000000001E-3","LOD","stationary","39.92296389"," -75.186874","#1f77b4","Winter","32024",1,46
